日付,時刻,始値,高値,安値,終値
2026-05-28,09:05,741.7999877929688,744.2000122070312,738.2000122070312,744.0999755859375
2026-05-28,09:10,743.9000244140625,744.0999755859375,738.2000122070312,738.4000244140625
2026-05-28,09:15,738.0999755859375,741.5999755859375,738.0,740.2999877929688
2026-05-28,09:20,740.0999755859375,745.2999877929688,738.5999755859375,742.5
2026-05-28,09:25,742.2000122070312,743.2000122070312,740.0,740.0
2026-05-28,09:30,739.9000244140625,740.2999877929688,737.0999755859375,738.9000244140625
2026-05-28,09:35,738.5,741.5999755859375,737.7000122070312,741.5
2026-05-28,09:40,741.5999755859375,745.5,741.4000244140625,745.4000244140625
2026-05-28,09:45,745.5,748.5,745.4000244140625,748.2999877929688
2026-05-28,09:50,748.4000244140625,749.7000122070312,747.2000122070312,748.2999877929688
2026-05-28,09:55,748.0,753.0,747.7999877929688,752.2000122070312
2026-05-28,10:00,752.7000122070312,752.7999877929688,746.4000244140625,748.2000122070312
2026-05-28,10:05,748.4000244140625,748.5,746.0,746.5
2026-05-28,10:10,746.7000122070312,748.5,746.5,748.5
2026-05-28,10:15,748.2999877929688,748.4000244140625,745.7000122070312,747.0999755859375
2026-05-28,10:20,747.4000244140625,748.2000122070312,745.9000244140625,747.9000244140625
2026-05-28,10:25,748.0999755859375,748.7999877929688,746.5,748.5
2026-05-28,10:30,748.4000244140625,748.4000244140625,746.0,747.7000122070312
2026-05-28,10:35,747.2999877929688,748.0999755859375,745.9000244140625,747.4000244140625
2026-05-28,10:40,747.5,747.7000122070312,746.0,746.5999755859375
2026-05-28,10:45,746.0,747.0,744.5999755859375,746.5999755859375
2026-05-28,10:50,746.5999755859375,748.7999877929688,746.0,747.7999877929688
2026-05-28,10:55,747.9000244140625,751.7000122070312,747.7000122070312,751.0999755859375
2026-05-28,11:00,751.2000122070312,752.2999877929688,749.5,750.0999755859375
2026-05-28,11:05,749.9000244140625,751.9000244140625,748.9000244140625,749.4000244140625
2026-05-28,11:10,749.2999877929688,750.4000244140625,748.4000244140625,749.0
2026-05-28,11:15,748.7999877929688,749.7999877929688,748.0,749.0
2026-05-28,11:20,749.0999755859375,752.0,749.0999755859375,752.0
2026-05-28,11:25,751.7999877929688,752.7999877929688,750.0999755859375,750.5999755859375
2026-05-28,11:30,750.2999877929688,750.4000244140625,750.0999755859375,750.4000244140625
2026-05-28,12:30,741.0,741.0,735.0999755859375,735.0999755859375
2026-05-28,12:35,735.0,737.0999755859375,728.5999755859375,729.0999755859375
2026-05-28,12:40,728.7999877929688,732.5999755859375,728.2999877929688,730.7999877929688
2026-05-28,12:45,730.5999755859375,735.0999755859375,729.5999755859375,734.5999755859375
2026-05-28,12:50,734.7999877929688,734.7999877929688,730.5999755859375,734.2000122070312
2026-05-28,12:55,734.0999755859375,734.0999755859375,730.9000244140625,731.2999877929688
2026-05-28,13:00,731.2000122070312,731.5,727.5999755859375,729.0999755859375
2026-05-28,13:05,729.0,730.4000244140625,727.4000244140625,729.0
2026-05-28,13:10,729.5999755859375,730.5,725.2000122070312,726.0
2026-05-28,13:15,725.7000122070312,726.7999877929688,724.9000244140625,725.4000244140625
2026-05-28,13:20,725.0999755859375,726.0,724.2999877929688,724.7999877929688
2026-05-28,13:25,724.7999877929688,725.9000244140625,723.5,725.2999877929688
2026-05-28,13:30,725.2000122070312,727.7999877929688,724.5,726.9000244140625
2026-05-28,13:35,726.7000122070312,730.5999755859375,726.7000122070312,729.0
2026-05-28,13:40,729.4000244140625,730.7999877929688,727.9000244140625,727.9000244140625
2026-05-28,13:45,727.7999877929688,728.0,724.5,724.7999877929688
2026-05-28,13:50,724.5,726.0999755859375,724.2000122070312,725.4000244140625
2026-05-28,13:55,725.5,727.5,725.0,725.9000244140625
2026-05-28,14:00,726.2000122070312,727.0999755859375,724.9000244140625,726.4000244140625
2026-05-28,14:05,726.2000122070312,728.9000244140625,725.5999755859375,728.2000122070312
2026-05-28,14:10,728.2999877929688,731.7000122070312,727.7999877929688,731.5999755859375
2026-05-28,14:15,731.7000122070312,732.0999755859375,729.7999877929688,731.7999877929688
2026-05-28,14:20,731.9000244140625,734.7000122070312,731.0,734.7000122070312
2026-05-28,14:25,734.7000122070312,736.0,734.4000244140625,736.0
2026-05-28,14:30,736.0999755859375,741.2999877929688,736.0999755859375,740.7999877929688
2026-05-28,14:35,740.9000244140625,741.2999877929688,738.7999877929688,740.2000122070312
2026-05-28,14:40,740.4000244140625,742.0999755859375,740.0999755859375,741.0
2026-05-28,14:45,741.0999755859375,741.7999877929688,740.0999755859375,740.2999877929688
2026-05-28,14:50,740.0,740.0999755859375,738.7000122070312,738.9000244140625
2026-05-28,14:55,738.9000244140625,739.5999755859375,738.5,739.2000122070312
2026-05-28,15:00,739.5,740.7000122070312,738.5,739.4000244140625
2026-05-28,15:05,739.5,740.7000122070312,739.2999877929688,740.2000122070312
2026-05-28,15:10,740.4000244140625,741.7000122070312,740.2999877929688,741.4000244140625
2026-05-28,15:15,741.5,742.2999877929688,741.0999755859375,741.7000122070312
2026-05-28,15:20,741.7999877929688,742.9000244140625,741.4000244140625,742.0
2026-05-29,09:05,766.5999755859375,770.2000122070312,765.5999755859375,768.2000122070312
2026-05-29,09:10,768.2999877929688,771.2000122070312,767.7999877929688,770.4000244140625
2026-05-29,09:15,770.5999755859375,772.7000122070312,769.0,770.4000244140625
2026-05-29,09:20,770.7999877929688,771.0,766.9000244140625,770.7999877929688
2026-05-29,09:25,770.5999755859375,772.5999755859375,769.7999877929688,769.7999877929688
2026-05-29,09:30,770.0,770.0999755859375,764.9000244140625,766.0999755859375
2026-05-29,09:35,765.9000244140625,768.0,764.2999877929688,767.4000244140625
2026-05-29,09:40,767.2000122070312,767.5,763.0999755859375,765.7000122070312
2026-05-29,09:45,766.0999755859375,766.7000122070312,764.4000244140625,766.2999877929688
2026-05-29,09:50,766.5,767.0999755859375,764.0999755859375,764.0999755859375
2026-05-29,09:55,764.7000122070312,765.7999877929688,764.0999755859375,765.0
2026-05-29,10:00,765.5,768.2000122070312,764.2999877929688,767.2000122070312
2026-05-29,10:05,767.2000122070312,770.7999877929688,766.0999755859375,770.0999755859375
2026-05-29,10:10,770.2999877929688,771.5999755859375,767.4000244140625,769.2999877929688
2026-05-29,10:15,769.0999755859375,772.2999877929688,768.9000244140625,772.0
2026-05-29,10:20,771.9000244140625,772.7000122070312,769.2999877929688,771.0
2026-05-29,10:25,770.7000122070312,770.9000244140625,767.0999755859375,767.2999877929688
2026-05-29,10:30,767.2999877929688,767.7000122070312,766.0,767.5
2026-05-29,10:35,767.0,770.2999877929688,766.9000244140625,769.0
2026-05-29,10:40,769.5,771.0,769.0,770.0
2026-05-29,10:45,770.5,771.2999877929688,766.7999877929688,766.7999877929688
2026-05-29,10:50,766.5,768.7000122070312,765.4000244140625,768.2999877929688
2026-05-29,10:55,768.5,769.5999755859375,767.9000244140625,768.7999877929688
2026-05-29,11:00,768.7000122070312,769.5,767.2000122070312,768.2999877929688
2026-05-29,11:05,768.2999877929688,770.0,767.7000122070312,769.2999877929688
2026-05-29,11:10,770.0,770.4000244140625,769.0,769.5999755859375
2026-05-29,11:15,769.5,772.0999755859375,769.5,772.0999755859375
2026-05-29,11:20,771.7999877929688,772.2999877929688,770.5999755859375,771.0
2026-05-29,11:25,770.9000244140625,771.5,769.2999877929688,769.2999877929688
2026-05-29,11:30,768.9000244140625,768.9000244140625,768.9000244140625,768.9000244140625
2026-05-29,12:30,774.0,775.4000244140625,773.2999877929688,774.7999877929688
2026-05-29,12:35,774.7999877929688,775.0999755859375,772.4000244140625,774.4000244140625
2026-05-29,12:40,774.2999877929688,776.0,773.9000244140625,774.5
2026-05-29,12:45,774.9000244140625,776.5,774.7999877929688,776.0999755859375
2026-05-29,12:50,776.0999755859375,776.4000244140625,773.7999877929688,776.2000122070312
2026-05-29,12:55,776.2000122070312,776.5999755859375,775.2000122070312,775.2999877929688
2026-05-29,13:00,775.2999877929688,776.4000244140625,774.9000244140625,776.0
2026-05-29,13:05,776.0999755859375,778.2999877929688,775.7999877929688,778.0999755859375
2026-05-29,13:10,778.2000122070312,779.4000244140625,777.4000244140625,779.2000122070312
2026-05-29,13:15,779.0,780.4000244140625,779.0,780.2000122070312
2026-05-29,13:20,780.2000122070312,780.5,779.2999877929688,780.0
2026-05-29,13:25,780.2999877929688,781.2000122070312,779.9000244140625,781.0
2026-05-29,13:30,781.0999755859375,781.5,780.2000122070312,780.4000244140625
2026-05-29,13:35,780.5,781.0999755859375,779.9000244140625,780.4000244140625
2026-05-29,13:40,780.5,781.0999755859375,778.7000122070312,778.7999877929688
2026-05-29,13:45,778.7999877929688,779.5,777.5,779.2000122070312
2026-05-29,13:50,779.0,779.0999755859375,777.7000122070312,779.0999755859375
2026-05-29,13:55,779.2000122070312,779.5,778.5,779.0
2026-05-29,14:00,779.0999755859375,782.2000122070312,779.0999755859375,781.5999755859375
2026-05-29,14:05,781.4000244140625,781.4000244140625,779.7999877929688,780.7000122070312
2026-05-29,14:10,780.5,780.5999755859375,778.5999755859375,779.7000122070312
2026-05-29,14:15,780.2000122070312,780.5,779.5,780.5
2026-05-29,14:20,780.5,781.0999755859375,780.2000122070312,780.2000122070312
2026-05-29,14:25,780.4000244140625,781.0999755859375,779.7000122070312,780.7999877929688
2026-05-29,14:30,780.5,781.5999755859375,779.5999755859375,781.2999877929688
2026-05-29,14:35,781.5,781.9000244140625,779.7000122070312,780.2999877929688
2026-05-29,14:40,780.2000122070312,781.7999877929688,780.2000122070312,781.5
2026-05-29,14:45,781.4000244140625,782.2999877929688,781.2000122070312,781.5999755859375
2026-05-29,14:50,781.5999755859375,782.7999877929688,781.5,782.2000122070312
2026-05-29,14:55,782.5999755859375,782.5999755859375,781.2000122070312,781.7999877929688
2026-05-29,15:00,782.0,783.5999755859375,781.7999877929688,783.2999877929688
2026-05-29,15:05,782.9000244140625,783.5999755859375,780.5,781.0
2026-05-29,15:10,780.9000244140625,782.2999877929688,779.7999877929688,782.0999755859375
2026-05-29,15:15,781.7000122070312,781.7000122070312,779.7999877929688,780.4000244140625
2026-05-29,15:20,780.5999755859375,781.9000244140625,780.2999877929688,780.5
2026-06-01,09:00,779.7999877929688,789.0999755859375,778.5,789.0999755859375
2026-06-01,09:05,789.0,791.2000122070312,784.7999877929688,786.7999877929688
2026-06-01,09:10,786.9000244140625,787.7999877929688,781.7000122070312,786.2999877929688
2026-06-01,09:15,786.0,787.0,784.0999755859375,786.0
2026-06-01,09:20,786.2000122070312,786.5999755859375,781.5,783.4000244140625
2026-06-01,09:25,783.2999877929688,785.2999877929688,780.5999755859375,784.7000122070312
2026-06-01,09:30,785.0,787.5,783.5999755859375,786.5999755859375
2026-06-01,09:35,786.7999877929688,789.0,785.5,788.5
2026-06-01,09:40,788.7000122070312,793.0999755859375,788.7000122070312,790.7999877929688
2026-06-01,09:45,790.9000244140625,794.0999755859375,790.9000244140625,791.4000244140625
2026-06-01,09:50,791.5,792.5,788.5999755859375,789.0
2026-06-01,09:55,789.2000122070312,791.7000122070312,788.5999755859375,790.5999755859375
2026-06-01,10:00,790.2000122070312,792.5,789.7999877929688,792.5
2026-06-01,10:05,792.2999877929688,794.5999755859375,792.2000122070312,793.4000244140625
2026-06-01,10:10,793.2999877929688,796.2999877929688,793.0999755859375,796.0
2026-06-01,10:15,796.0,796.0,793.5,795.7999877929688
2026-06-01,10:20,795.7999877929688,798.9000244140625,795.7999877929688,798.5
2026-06-01,10:25,798.5999755859375,800.2999877929688,797.2000122070312,797.2000122070312
2026-06-01,10:30,797.2999877929688,798.2000122070312,796.2000122070312,797.0
2026-06-01,10:35,796.9000244140625,797.2999877929688,793.7000122070312,795.0999755859375
2026-06-01,10:40,794.7999877929688,797.2000122070312,794.0,794.0999755859375
2026-06-01,10:45,794.5,795.4000244140625,793.5999755859375,794.9000244140625
2026-06-01,10:50,794.7000122070312,795.7000122070312,793.2999877929688,795.7000122070312
2026-06-01,10:55,795.4000244140625,796.2000122070312,795.0,796.0
2026-06-01,11:00,795.7999877929688,796.2000122070312,794.9000244140625,795.0
2026-06-01,11:05,794.9000244140625,795.2999877929688,793.7999877929688,795.0
2026-06-01,11:10,795.0999755859375,796.7999877929688,794.2999877929688,796.0999755859375
2026-06-01,11:15,796.0,796.2999877929688,793.0,794.2999877929688
2026-06-01,11:20,794.0999755859375,796.7999877929688,793.5,796.7999877929688
2026-06-01,11:25,796.7000122070312,796.7000122070312,795.2000122070312,795.2000122070312
2026-06-01,11:30,795.2000122070312,795.2000122070312,795.0999755859375,795.0999755859375
2026-06-01,12:30,794.7999877929688,798.0,794.4000244140625,797.0
2026-06-01,12:35,796.9000244140625,797.0,792.2999877929688,792.7000122070312
2026-06-01,12:40,792.7000122070312,792.7999877929688,789.0,789.0
2026-06-01,12:45,789.4000244140625,791.9000244140625,788.7999877929688,789.9000244140625
2026-06-01,12:50,790.2999877929688,790.7999877929688,787.4000244140625,788.2999877929688
2026-06-01,12:55,787.5999755859375,789.5999755859375,787.5,788.5999755859375
2026-06-01,13:00,788.2999877929688,792.2000122070312,788.0999755859375,792.0999755859375
2026-06-01,13:05,792.2000122070312,792.4000244140625,790.2999877929688,792.0
2026-06-01,13:10,791.9000244140625,792.4000244140625,789.7999877929688,790.7999877929688
2026-06-01,13:15,790.5,792.0,789.9000244140625,791.7000122070312
2026-06-01,13:20,792.0999755859375,792.7000122070312,791.2999877929688,792.5
2026-06-01,13:25,791.9000244140625,791.9000244140625,789.4000244140625,790.2999877929688
2026-06-01,13:30,790.5999755859375,790.7000122070312,788.4000244140625,788.7999877929688
2026-06-01,13:35,788.5,791.7000122070312,788.5,791.2999877929688
2026-06-01,13:40,791.4000244140625,792.5999755859375,791.0999755859375,792.2999877929688
2026-06-01,13:45,792.2000122070312,792.5,790.5,791.2000122070312
2026-06-01,13:50,791.0,794.0,790.7999877929688,792.2000122070312
2026-06-01,13:55,792.2999877929688,793.2999877929688,791.7000122070312,792.2999877929688
2026-06-01,14:00,792.2000122070312,793.2999877929688,791.5,793.2000122070312
2026-06-01,14:05,793.4000244140625,794.9000244140625,793.2999877929688,794.0
2026-06-01,14:10,793.7999877929688,793.7999877929688,792.5,792.5
2026-06-01,14:15,792.2000122070312,792.2999877929688,790.0,790.0999755859375
2026-06-01,14:20,789.7999877929688,792.0999755859375,789.7000122070312,790.5999755859375
2026-06-01,14:25,790.2999877929688,790.2999877929688,786.5999755859375,786.7000122070312
2026-06-01,14:30,787.2000122070312,789.5,787.2000122070312,788.5
2026-06-01,14:35,789.2999877929688,790.5,788.9000244140625,790.0
2026-06-01,14:40,790.2000122070312,791.7999877929688,789.7999877929688,791.5999755859375
2026-06-01,14:45,791.5,793.9000244140625,790.7999877929688,793.2000122070312
2026-06-01,14:50,793.2999877929688,793.5,792.0999755859375,792.7000122070312
2026-06-01,14:55,793.0999755859375,794.0999755859375,792.9000244140625,794.0
2026-06-01,15:00,794.0,795.5999755859375,794.0,795.5999755859375
2026-06-01,15:05,795.5999755859375,798.4000244140625,795.5999755859375,797.5999755859375
2026-06-01,15:10,797.5999755859375,797.5999755859375,795.7999877929688,796.2999877929688
2026-06-01,15:15,796.0999755859375,796.2999877929688,794.9000244140625,795.2000122070312
2026-06-01,15:20,795.0,796.2000122070312,794.7999877929688,795.0
2026-06-02,09:00,794.0999755859375,794.0999755859375,794.0999755859375,794.0999755859375
2026-06-02,09:05,792.5999755859375,793.2999877929688,783.9000244140625,784.0999755859375
2026-06-02,09:10,784.2000122070312,788.0,782.2999877929688,785.7000122070312
2026-06-02,09:15,785.5999755859375,788.5,781.9000244140625,783.0999755859375
2026-06-02,09:20,782.7999877929688,786.5,781.5,782.4000244140625
2026-06-02,09:25,781.7000122070312,784.5999755859375,780.9000244140625,782.2000122070312
2026-06-02,09:30,782.5999755859375,784.7999877929688,780.4000244140625,780.5
2026-06-02,09:35,780.2999877929688,782.4000244140625,778.9000244140625,778.9000244140625
2026-06-02,09:40,778.9000244140625,779.5999755859375,776.0,778.0
2026-06-02,09:45,778.2000122070312,778.2000122070312,775.5999755859375,776.7999877929688
2026-06-02,09:50,776.7999877929688,776.9000244140625,772.5,772.5
2026-06-02,09:55,772.4000244140625,774.0,771.0,772.5
2026-06-02,10:00,772.4000244140625,774.7000122070312,771.0999755859375,774.0
2026-06-02,10:05,774.2999877929688,776.0999755859375,772.9000244140625,772.9000244140625
2026-06-02,10:10,772.7999877929688,778.5999755859375,772.7999877929688,778.0
2026-06-02,10:15,778.0999755859375,778.7999877929688,776.4000244140625,777.9000244140625
2026-06-02,10:20,777.7999877929688,780.7000122070312,777.5,780.7000122070312
2026-06-02,10:25,780.7999877929688,781.2999877929688,778.9000244140625,779.7999877929688
2026-06-02,10:30,781.0,781.7000122070312,779.0,780.4000244140625
2026-06-02,10:35,780.0,780.0,774.7000122070312,774.7999877929688
2026-06-02,10:40,774.5999755859375,775.7000122070312,771.2000122070312,773.0
2026-06-02,10:45,773.0,773.0999755859375,768.2999877929688,768.9000244140625
2026-06-02,10:50,768.9000244140625,770.5999755859375,767.5999755859375,769.4000244140625
2026-06-02,10:55,769.7999877929688,770.4000244140625,766.0999755859375,766.2999877929688
2026-06-02,11:00,766.4000244140625,766.5999755859375,763.0,763.7000122070312
2026-06-02,11:05,764.0,766.4000244140625,763.7999877929688,764.4000244140625
2026-06-02,11:10,764.2999877929688,766.0,763.5999755859375,765.2000122070312
2026-06-02,11:15,765.0,768.7000122070312,764.4000244140625,768.0
2026-06-02,11:20,768.0999755859375,769.9000244140625,766.9000244140625,767.0
2026-06-02,11:25,767.2999877929688,768.7000122070312,766.7000122070312,767.7000122070312
2026-06-02,11:30,768.0,768.0999755859375,768.0,768.0999755859375
2026-06-02,12:30,764.4000244140625,765.7000122070312,761.0999755859375,762.5
2026-06-02,12:35,762.4000244140625,768.5,762.4000244140625,768.5
2026-06-02,12:40,768.5,770.0,766.9000244140625,768.5999755859375
2026-06-02,12:45,768.5,769.2000122070312,765.7000122070312,767.5
2026-06-02,12:50,768.0,769.4000244140625,767.2999877929688,769.0999755859375
2026-06-02,12:55,769.2000122070312,769.7999877929688,767.7000122070312,769.0
2026-06-02,13:00,768.7000122070312,771.5,767.7999877929688,771.5
2026-06-02,13:05,771.5,772.5,770.0,770.7000122070312
2026-06-02,13:10,771.0999755859375,772.2999877929688,769.5,770.2999877929688
2026-06-02,13:15,770.5,771.7000122070312,770.4000244140625,771.2999877929688
2026-06-02,13:20,771.2000122070312,773.7000122070312,770.7000122070312,773.5
2026-06-02,13:25,773.5,775.0999755859375,773.0999755859375,774.5999755859375
2026-06-02,13:30,774.5999755859375,774.5999755859375,771.5999755859375,771.5999755859375
2026-06-02,13:35,771.5999755859375,773.0999755859375,770.0999755859375,773.0999755859375
2026-06-02,13:40,773.0,773.9000244140625,771.7999877929688,773.2999877929688
2026-06-02,13:45,773.4000244140625,776.2000122070312,772.9000244140625,775.7999877929688
2026-06-02,13:50,775.7000122070312,777.2999877929688,774.5,776.5999755859375
2026-06-02,13:55,776.5,778.4000244140625,776.4000244140625,778.2000122070312
2026-06-02,14:00,778.2999877929688,780.2000122070312,778.2999877929688,780.0
2026-06-02,14:05,780.0,781.0999755859375,779.2999877929688,781.0
2026-06-02,14:10,781.0,781.9000244140625,780.0,781.9000244140625
2026-06-02,14:15,781.7999877929688,783.0,781.0,782.5
2026-06-02,14:20,782.7000122070312,784.0,782.4000244140625,783.5999755859375
2026-06-02,14:25,783.7999877929688,785.7000122070312,783.4000244140625,784.5
2026-06-02,14:30,784.7999877929688,786.4000244140625,784.5999755859375,786.2000122070312
2026-06-02,14:35,786.2999877929688,786.7999877929688,783.5999755859375,785.0999755859375
2026-06-02,14:40,784.9000244140625,788.0999755859375,784.7999877929688,788.0
2026-06-02,14:45,787.9000244140625,788.4000244140625,785.7999877929688,787.2999877929688
2026-06-02,14:50,787.5,787.5,783.7999877929688,784.4000244140625
2026-06-02,14:55,784.4000244140625,786.2999877929688,782.7000122070312,786.0
2026-06-02,15:00,785.7999877929688,786.5999755859375,784.5,785.0
2026-06-02,15:05,785.0,786.7999877929688,785.0,786.5999755859375
2026-06-02,15:10,786.5999755859375,787.2000122070312,785.4000244140625,786.0999755859375
2026-06-02,15:15,786.0,786.5999755859375,785.2999877929688,786.5999755859375
2026-06-02,15:20,786.7000122070312,787.2999877929688,786.2999877929688,787.0
2026-06-03,09:05,816.4000244140625,817.4000244140625,808.9000244140625,812.7999877929688
2026-06-03,09:10,812.0,812.2999877929688,806.4000244140625,807.0
2026-06-03,09:15,807.5,812.4000244140625,804.4000244140625,811.2000122070312
2026-06-03,09:20,811.5,813.9000244140625,809.5999755859375,810.5
2026-06-03,09:25,810.4000244140625,813.7999877929688,808.0999755859375,813.7999877929688
2026-06-03,09:30,813.5,815.9000244140625,812.5999755859375,815.4000244140625
2026-06-03,09:35,814.9000244140625,817.7000122070312,814.2000122070312,816.0999755859375
2026-06-03,09:40,816.2000122070312,818.5,816.0,818.2000122070312
2026-06-03,09:45,818.5,820.7999877929688,818.2999877929688,820.7000122070312
2026-06-03,09:50,820.7000122070312,823.2000122070312,819.7000122070312,823.0
2026-06-03,09:55,823.0,824.0999755859375,822.2999877929688,824.0
2026-06-03,10:00,824.0,824.7999877929688,821.4000244140625,823.7999877929688
2026-06-03,10:05,823.7999877929688,825.2000122070312,822.0999755859375,823.0999755859375
2026-06-03,10:10,823.4000244140625,823.9000244140625,821.2999877929688,822.2999877929688
2026-06-03,10:15,822.2999877929688,823.7999877929688,821.5,823.0
2026-06-03,10:20,823.2999877929688,823.7000122070312,821.2999877929688,822.0
2026-06-03,10:25,822.0,823.7999877929688,821.2000122070312,822.5
2026-06-03,10:30,822.4000244140625,823.5,821.2000122070312,822.5999755859375
2026-06-03,10:35,822.5999755859375,823.5999755859375,821.9000244140625,823.0
2026-06-03,10:40,823.0,823.2000122070312,821.9000244140625,823.0999755859375
2026-06-03,10:45,823.2999877929688,823.2999877929688,820.2000122070312,822.4000244140625
2026-06-03,10:50,822.5999755859375,823.4000244140625,821.2999877929688,821.5
2026-06-03,10:55,822.0999755859375,824.9000244140625,821.4000244140625,824.7000122070312
2026-06-03,11:00,824.7000122070312,828.2999877929688,824.2999877929688,828.2999877929688
2026-06-03,11:05,828.4000244140625,829.0,825.9000244140625,826.7000122070312
2026-06-03,11:10,827.2000122070312,828.2000122070312,826.7999877929688,827.5999755859375
2026-06-03,11:15,827.7999877929688,829.0,827.5999755859375,828.5999755859375
2026-06-03,11:20,828.7999877929688,829.5999755859375,828.2999877929688,828.7999877929688
2026-06-03,11:25,829.0,829.4000244140625,827.5,829.0999755859375
2026-06-03,11:30,828.7000122070312,828.7000122070312,828.7000122070312,828.7000122070312
2026-06-03,12:30,829.5,833.0,829.4000244140625,833.0
2026-06-03,12:35,833.0,835.7999877929688,832.9000244140625,834.2999877929688
2026-06-03,12:40,834.4000244140625,835.9000244140625,834.2999877929688,835.4000244140625
2026-06-03,12:45,835.4000244140625,835.5999755859375,833.9000244140625,835.0
2026-06-03,12:50,835.0,835.5,833.7000122070312,834.0999755859375
2026-06-03,12:55,834.4000244140625,835.2999877929688,832.2000122070312,832.5
2026-06-03,13:00,832.5,835.7999877929688,832.2000122070312,835.2999877929688
2026-06-03,13:05,835.5999755859375,836.9000244140625,834.2000122070312,834.2000122070312
2026-06-03,13:10,834.0,835.5,833.0999755859375,834.2999877929688
2026-06-03,13:15,834.0,835.0,833.7999877929688,834.2999877929688
2026-06-03,13:20,834.2999877929688,836.2999877929688,833.7999877929688,835.7999877929688
2026-06-03,13:25,835.5999755859375,836.4000244140625,835.0999755859375,836.0999755859375
2026-06-03,13:30,836.2000122070312,836.4000244140625,835.2000122070312,835.2999877929688
2026-06-03,13:35,835.2999877929688,835.5,832.4000244140625,832.7999877929688
2026-06-03,13:40,832.7000122070312,834.5,832.5,834.0999755859375
2026-06-03,13:45,834.2000122070312,834.2999877929688,831.2000122070312,831.7000122070312
2026-06-03,13:50,831.5999755859375,832.7000122070312,830.7000122070312,832.0
2026-06-03,13:55,831.5999755859375,832.0999755859375,830.9000244140625,831.7999877929688
2026-06-03,14:00,831.4000244140625,834.2999877929688,830.9000244140625,834.2999877929688
2026-06-03,14:05,834.2000122070312,834.9000244140625,834.0,834.5
2026-06-03,14:10,834.5999755859375,835.5999755859375,833.9000244140625,833.9000244140625
2026-06-03,14:15,833.9000244140625,835.5,833.9000244140625,835.4000244140625
2026-06-03,14:20,835.4000244140625,835.5999755859375,834.7999877929688,835.5999755859375
2026-06-03,14:25,835.4000244140625,835.5,834.2000122070312,834.5
2026-06-03,14:30,834.5999755859375,834.7000122070312,831.7000122070312,833.7000122070312
2026-06-03,14:35,833.7000122070312,834.9000244140625,833.2000122070312,834.7999877929688
2026-06-03,14:40,834.9000244140625,836.0999755859375,834.9000244140625,835.0
2026-06-03,14:45,835.0,835.9000244140625,834.7999877929688,835.7000122070312
2026-06-03,14:50,835.2999877929688,835.5999755859375,834.0,835.0
2026-06-03,14:55,834.9000244140625,835.7000122070312,834.0,834.5
2026-06-03,15:00,834.5999755859375,836.7999877929688,834.5999755859375,836.7999877929688
2026-06-03,15:05,836.5999755859375,836.5999755859375,834.0,834.7000122070312
2026-06-03,15:10,834.2999877929688,834.2999877929688,831.4000244140625,832.0
2026-06-03,15:15,831.9000244140625,832.0,829.5999755859375,830.0
2026-06-03,15:20,829.7999877929688,831.2999877929688,829.5999755859375,830.0999755859375
2026-06-04,09:05,810.9000244140625,813.0999755859375,806.5,808.2000122070312
2026-06-04,09:10,807.7999877929688,809.5,805.0999755859375,806.0
2026-06-04,09:15,805.9000244140625,808.7999877929688,802.2999877929688,805.7000122070312
2026-06-04,09:20,805.9000244140625,808.5,804.2999877929688,806.2999877929688
2026-06-04,09:25,806.2999877929688,806.9000244140625,803.9000244140625,803.9000244140625
2026-06-04,09:30,803.9000244140625,809.0,803.9000244140625,808.0
2026-06-04,09:35,808.0999755859375,808.2000122070312,800.7000122070312,800.9000244140625
2026-06-04,09:40,800.9000244140625,805.2000122070312,800.0999755859375,804.7000122070312
2026-06-04,09:45,805.0,805.2000122070312,801.5,804.4000244140625
2026-06-04,09:50,804.0,804.0,800.5,802.5999755859375
2026-06-04,09:55,802.2999877929688,802.7999877929688,799.9000244140625,800.5999755859375
2026-06-04,10:00,800.2999877929688,801.5999755859375,798.2000122070312,801.5999755859375
2026-06-04,10:05,800.9000244140625,803.7999877929688,800.5999755859375,803.5
2026-06-04,10:10,803.5999755859375,805.0,801.7000122070312,802.0999755859375
2026-06-04,10:15,801.9000244140625,801.9000244140625,797.9000244140625,799.0
2026-06-04,10:20,798.7000122070312,801.5,798.5,798.7999877929688
2026-06-04,10:25,798.7000122070312,801.2000122070312,797.7000122070312,800.0
2026-06-04,10:30,800.7000122070312,801.2000122070312,798.0,798.9000244140625
2026-06-04,10:35,798.7999877929688,799.9000244140625,797.4000244140625,797.5999755859375
2026-06-04,10:40,798.0,798.7999877929688,796.2999877929688,797.0
2026-06-04,10:45,797.0999755859375,800.5,796.5999755859375,800.2999877929688
2026-06-04,10:50,800.2999877929688,800.2999877929688,797.0,798.0
2026-06-04,10:55,798.0,799.4000244140625,797.2000122070312,798.0999755859375
2026-06-04,11:00,798.2999877929688,798.4000244140625,796.2000122070312,796.2000122070312
2026-06-04,11:05,796.0999755859375,796.9000244140625,795.5,795.5
2026-06-04,11:10,795.4000244140625,796.0,794.7000122070312,795.2999877929688
2026-06-04,11:15,795.0,795.0,792.4000244140625,794.0
2026-06-04,11:20,794.0,796.7000122070312,794.0,795.7000122070312
2026-06-04,11:25,796.0999755859375,797.7999877929688,796.0,797.0
2026-06-04,11:30,797.2000122070312,797.2000122070312,797.2000122070312,797.2000122070312
2026-06-04,12:30,801.2999877929688,805.7999877929688,801.2999877929688,804.0
2026-06-04,12:35,804.0,804.0,801.2000122070312,803.5999755859375
2026-06-04,12:40,803.4000244140625,803.4000244140625,799.5999755859375,800.9000244140625
2026-06-04,12:45,800.7999877929688,800.9000244140625,798.5,799.7000122070312
2026-06-04,12:50,799.7000122070312,801.0,799.4000244140625,799.7000122070312
2026-06-04,12:55,799.7999877929688,801.0,799.7999877929688,800.2000122070312
2026-06-04,13:00,800.4000244140625,800.7000122070312,798.7000122070312,799.2000122070312
2026-06-04,13:05,799.7000122070312,800.9000244140625,799.2000122070312,800.5
2026-06-04,13:10,800.9000244140625,803.5999755859375,800.9000244140625,803.5999755859375
2026-06-04,13:15,803.7000122070312,804.9000244140625,803.2000122070312,804.7000122070312
2026-06-04,13:20,804.7999877929688,805.2000122070312,804.0,804.9000244140625
2026-06-04,13:25,805.0,805.7999877929688,803.9000244140625,804.2000122070312
2026-06-04,13:30,804.0,805.2000122070312,803.0,803.7000122070312
2026-06-04,13:35,803.5999755859375,804.2000122070312,801.2999877929688,803.4000244140625
2026-06-04,13:40,803.5999755859375,804.7000122070312,802.0,803.5
2026-06-04,13:45,803.5,803.9000244140625,802.0999755859375,803.0
2026-06-04,13:50,803.2999877929688,803.7999877929688,802.7000122070312,803.0
2026-06-04,13:55,803.0999755859375,803.7000122070312,802.5999755859375,803.7000122070312
2026-06-04,14:00,803.7999877929688,804.5999755859375,801.5,801.9000244140625
2026-06-04,14:05,802.7999877929688,804.2999877929688,801.9000244140625,801.9000244140625
2026-06-04,14:10,802.0999755859375,802.5,800.5,802.5
2026-06-04,14:15,802.5999755859375,803.5,800.7999877929688,803.5
2026-06-04,14:20,803.2999877929688,803.7999877929688,802.4000244140625,803.5999755859375
2026-06-04,14:25,803.2999877929688,804.5999755859375,803.2999877929688,804.2000122070312
2026-06-04,14:30,804.5,805.0,803.7000122070312,804.2999877929688
2026-06-04,14:35,804.0,805.7000122070312,803.4000244140625,805.5
2026-06-04,14:40,805.5999755859375,806.2000122070312,805.0,806.0999755859375
2026-06-04,14:45,806.0999755859375,806.0999755859375,802.7999877929688,804.0
2026-06-04,14:50,804.0,805.4000244140625,803.5999755859375,803.7999877929688
2026-06-04,14:55,803.7000122070312,803.7999877929688,802.7000122070312,803.2999877929688
2026-06-04,15:00,803.0999755859375,804.7000122070312,803.0,803.9000244140625
2026-06-04,15:05,804.0999755859375,804.4000244140625,802.9000244140625,803.0
2026-06-04,15:10,802.9000244140625,803.7000122070312,801.5,801.7000122070312
2026-06-04,15:15,801.7999877929688,801.9000244140625,800.7000122070312,801.5999755859375
2026-06-04,15:20,801.5,803.4000244140625,801.2000122070312,802.5
2026-06-05,09:05,787.7999877929688,788.5,780.9000244140625,781.0
2026-06-05,09:10,780.7999877929688,781.4000244140625,775.2999877929688,778.0
2026-06-05,09:15,777.7999877929688,783.7000122070312,777.7999877929688,783.2000122070312
2026-06-05,09:20,783.2999877929688,786.9000244140625,782.9000244140625,785.0999755859375
2026-06-05,09:25,784.9000244140625,786.7999877929688,784.0,785.2000122070312
2026-06-05,09:30,785.4000244140625,786.0,780.0999755859375,782.4000244140625
2026-06-05,09:35,782.4000244140625,783.2000122070312,776.0999755859375,776.7000122070312
2026-06-05,09:40,776.7999877929688,780.9000244140625,776.5,778.0
2026-06-05,09:45,778.0,779.0999755859375,775.7999877929688,776.5
2026-06-05,09:50,776.0999755859375,777.9000244140625,773.7999877929688,777.0
2026-06-05,09:55,776.7999877929688,777.7999877929688,774.5,777.4000244140625
2026-06-05,10:00,777.9000244140625,778.7999877929688,773.9000244140625,776.2999877929688
2026-06-05,10:05,777.0,777.0,772.5,772.7999877929688
2026-06-05,10:10,772.7999877929688,773.9000244140625,771.7000122070312,772.0
2026-06-05,10:15,772.0,772.0999755859375,769.0999755859375,771.4000244140625
2026-06-05,10:20,771.5999755859375,771.5999755859375,767.7999877929688,768.9000244140625
2026-06-05,10:25,768.5,772.2000122070312,767.0999755859375,770.4000244140625
2026-06-05,10:30,770.4000244140625,774.0999755859375,769.9000244140625,774.0
2026-06-05,10:35,773.7000122070312,774.9000244140625,772.5,773.4000244140625
2026-06-05,10:40,772.7000122070312,777.0999755859375,772.5999755859375,776.9000244140625
2026-06-05,10:45,777.0999755859375,777.9000244140625,775.7000122070312,776.4000244140625
2026-06-05,10:50,776.2999877929688,780.0999755859375,774.7999877929688,780.0999755859375
2026-06-05,10:55,780.0,782.7000122070312,780.0,782.2000122070312
2026-06-05,11:00,782.2999877929688,783.5999755859375,781.0999755859375,781.5
2026-06-05,11:05,781.7000122070312,781.7000122070312,779.2999877929688,780.0
2026-06-05,11:10,780.0,784.7000122070312,780.0,784.5999755859375
2026-06-05,11:15,784.5999755859375,785.0,783.0999755859375,783.5
2026-06-05,11:20,783.7999877929688,785.7999877929688,783.7999877929688,784.9000244140625
2026-06-05,11:25,785.5,787.0999755859375,785.5,786.0999755859375
2026-06-05,11:30,786.0999755859375,786.2999877929688,786.0999755859375,786.2999877929688
2026-06-05,12:30,782.2000122070312,783.0999755859375,780.0999755859375,780.7000122070312
2026-06-05,12:35,780.7999877929688,780.7999877929688,778.0999755859375,780.4000244140625
2026-06-05,12:40,780.5,783.4000244140625,780.5,782.4000244140625
2026-06-05,12:45,782.7000122070312,782.7000122070312,778.7999877929688,779.5999755859375
2026-06-05,12:50,779.4000244140625,780.2999877929688,777.4000244140625,778.5999755859375
2026-06-05,12:55,778.2999877929688,780.5,778.2999877929688,779.9000244140625
2026-06-05,13:00,780.0,781.5999755859375,778.2999877929688,779.0
2026-06-05,13:05,778.7000122070312,781.0999755859375,778.5,780.2999877929688
2026-06-05,13:10,780.5999755859375,781.0,778.7999877929688,780.2999877929688
2026-06-05,13:15,780.4000244140625,780.7999877929688,779.0999755859375,779.5
2026-06-05,13:20,779.5999755859375,781.0,779.2000122070312,780.7999877929688
2026-06-05,13:25,780.7000122070312,782.5999755859375,779.7000122070312,779.7000122070312
2026-06-05,13:30,779.7000122070312,779.7000122070312,778.0,779.0999755859375
2026-06-05,13:35,779.0999755859375,781.7000122070312,778.5999755859375,781.5999755859375
2026-06-05,13:40,781.5,783.5,780.4000244140625,782.4000244140625
2026-06-05,13:45,782.5,784.7000122070312,782.2000122070312,784.7000122070312
2026-06-05,13:50,784.5999755859375,787.2000122070312,784.2999877929688,787.0999755859375
2026-06-05,13:55,786.9000244140625,788.0,786.2000122070312,786.7999877929688
2026-06-05,14:00,786.7000122070312,787.5,784.7999877929688,786.0
2026-06-05,14:05,786.0,786.2999877929688,784.7000122070312,785.2000122070312
2026-06-05,14:10,785.0,788.2000122070312,785.0,786.9000244140625
2026-06-05,14:15,787.0999755859375,787.7999877929688,786.0,787.5999755859375
2026-06-05,14:20,787.7000122070312,789.0999755859375,787.5999755859375,788.7000122070312
2026-06-05,14:25,788.5,788.5,786.5,786.7000122070312
2026-06-05,14:30,786.7999877929688,789.2999877929688,786.7999877929688,788.5999755859375
2026-06-05,14:35,788.4000244140625,789.9000244140625,788.2999877929688,788.7999877929688
2026-06-05,14:40,788.9000244140625,789.0999755859375,786.7000122070312,786.7999877929688
2026-06-05,14:45,786.7999877929688,786.7999877929688,783.5999755859375,784.7999877929688
2026-06-05,14:50,784.4000244140625,784.4000244140625,782.5,782.7999877929688
2026-06-05,14:55,782.5,783.7000122070312,782.4000244140625,783.5999755859375
2026-06-05,15:00,783.4000244140625,786.2999877929688,783.4000244140625,785.7999877929688
2026-06-05,15:05,786.0,788.0,786.0,786.7999877929688
2026-06-05,15:10,786.7999877929688,787.0,784.7999877929688,785.0999755859375
2026-06-05,15:15,784.9000244140625,785.4000244140625,784.0999755859375,784.2999877929688
2026-06-05,15:20,784.5,785.2000122070312,784.0999755859375,784.7000122070312
2026-06-08,09:10,713.7000122070312,723.2999877929688,713.0999755859375,722.7000122070312
2026-06-08,09:15,722.2999877929688,727.0999755859375,720.9000244140625,724.9000244140625
2026-06-08,09:20,724.7000122070312,731.2000122070312,723.7000122070312,729.5
2026-06-08,09:25,729.4000244140625,732.7999877929688,727.5999755859375,729.7000122070312
2026-06-08,09:30,729.4000244140625,732.7000122070312,728.7999877929688,728.9000244140625
2026-06-08,09:35,729.0,739.7000122070312,728.5,739.5999755859375
2026-06-08,09:40,740.0,740.7999877929688,732.9000244140625,734.7000122070312
2026-06-08,09:45,734.0999755859375,734.7000122070312,727.5,732.5999755859375
2026-06-08,09:50,732.2000122070312,733.4000244140625,729.2000122070312,729.7999877929688
2026-06-08,09:55,729.7999877929688,730.4000244140625,724.0,729.9000244140625
2026-06-08,10:00,729.7000122070312,730.2000122070312,725.9000244140625,725.9000244140625
2026-06-08,10:05,725.7999877929688,728.5,724.9000244140625,725.5
2026-06-08,10:10,725.7000122070312,727.5,721.0999755859375,722.9000244140625
2026-06-08,10:15,723.0999755859375,723.5,719.2999877929688,720.2999877929688
2026-06-08,10:20,720.4000244140625,721.5999755859375,717.0999755859375,717.2999877929688
2026-06-08,10:25,717.2999877929688,719.7999877929688,714.2999877929688,714.7999877929688
2026-06-08,10:30,714.5,718.2999877929688,709.7000122070312,714.9000244140625
2026-06-08,10:35,715.0999755859375,715.7999877929688,711.0,713.2999877929688
2026-06-08,10:40,713.0999755859375,720.9000244140625,713.0999755859375,720.2999877929688
2026-06-08,10:45,720.7000122070312,722.5999755859375,717.7000122070312,718.2000122070312
2026-06-08,10:50,717.7999877929688,721.7999877929688,715.0,718.7000122070312
2026-06-08,10:55,718.4000244140625,721.7999877929688,717.2000122070312,721.7999877929688
2026-06-08,11:00,721.9000244140625,724.9000244140625,721.4000244140625,724.0
2026-06-08,11:05,724.0,724.5999755859375,718.7999877929688,719.7000122070312
2026-06-08,11:10,719.7999877929688,723.9000244140625,718.4000244140625,723.7000122070312
2026-06-08,11:15,723.5,723.7999877929688,718.0999755859375,718.9000244140625
2026-06-08,11:20,719.0,722.9000244140625,718.0999755859375,722.5
2026-06-08,11:25,722.7999877929688,725.0999755859375,720.9000244140625,725.0
2026-06-08,11:30,725.2999877929688,725.2999877929688,725.2999877929688,725.2999877929688
2026-06-08,12:30,727.5,729.7000122070312,725.2999877929688,726.0999755859375
2026-06-08,12:35,726.2000122070312,728.9000244140625,725.5,726.5999755859375
2026-06-08,12:40,726.2000122070312,727.7000122070312,725.0999755859375,726.0
2026-06-08,12:45,726.0,726.5,724.4000244140625,725.2000122070312
2026-06-08,12:50,725.0,727.5999755859375,724.2999877929688,726.4000244140625
2026-06-08,12:55,726.7000122070312,728.0,724.5999755859375,728.0
2026-06-08,13:00,728.0999755859375,729.0,723.5999755859375,725.7999877929688
2026-06-08,13:05,726.0,726.5,724.0,725.5999755859375
2026-06-08,13:10,725.5999755859375,727.2000122070312,724.2999877929688,725.5999755859375
2026-06-08,13:15,726.0999755859375,728.7000122070312,723.2999877929688,723.2999877929688
2026-06-08,13:20,723.2000122070312,723.5,721.7999877929688,722.5
2026-06-08,13:25,722.4000244140625,725.7999877929688,722.4000244140625,725.2999877929688
2026-06-08,13:30,725.4000244140625,725.7000122070312,721.7000122070312,722.2999877929688
2026-06-08,13:35,722.0999755859375,723.9000244140625,721.9000244140625,723.2999877929688
2026-06-08,13:40,723.4000244140625,723.5999755859375,720.0,720.2999877929688
2026-06-08,13:45,720.2000122070312,723.0,719.0999755859375,720.7999877929688
2026-06-08,13:50,720.9000244140625,723.2999877929688,720.7999877929688,721.0
2026-06-08,13:55,720.9000244140625,720.9000244140625,718.7999877929688,720.0
2026-06-08,14:00,719.7999877929688,724.2000122070312,719.7999877929688,724.0
2026-06-08,14:05,723.5999755859375,724.2999877929688,721.7000122070312,722.5
2026-06-08,14:10,722.0,722.5999755859375,718.5999755859375,718.7999877929688
2026-06-08,14:15,719.4000244140625,719.9000244140625,717.7999877929688,718.5999755859375
2026-06-08,14:20,718.5,718.5999755859375,716.7999877929688,717.0
2026-06-08,14:25,716.7000122070312,720.0,714.7000122070312,719.4000244140625
2026-06-08,14:30,719.7999877929688,720.0999755859375,716.9000244140625,717.0
2026-06-08,14:35,717.0,717.7000122070312,714.2999877929688,715.5
2026-06-08,14:40,715.0,715.7999877929688,712.4000244140625,712.9000244140625
2026-06-08,14:45,712.7999877929688,713.2000122070312,710.5,710.9000244140625
2026-06-08,14:50,711.0,714.9000244140625,710.7999877929688,713.2000122070312
2026-06-08,14:55,713.2999877929688,716.7999877929688,713.2999877929688,716.4000244140625
2026-06-08,15:00,716.7000122070312,719.7999877929688,715.7000122070312,718.0
2026-06-08,15:05,718.0,718.7000122070312,714.7000122070312,716.5
2026-06-08,15:10,716.4000244140625,717.2000122070312,714.7999877929688,715.0
2026-06-08,15:15,715.0999755859375,717.0999755859375,713.7999877929688,717.0999755859375
2026-06-08,15:20,717.0999755859375,720.2000122070312,717.0,719.7999877929688
2026-06-09,09:05,736.5999755859375,739.5,734.2999877929688,738.7000122070312
2026-06-09,09:10,738.7000122070312,746.2000122070312,737.0999755859375,741.2999877929688
2026-06-09,09:15,741.5,742.0,734.5999755859375,734.5999755859375
2026-06-09,09:20,734.9000244140625,738.0999755859375,728.5999755859375,730.5999755859375
2026-06-09,09:25,730.2000122070312,736.2000122070312,727.9000244140625,735.7000122070312
2026-06-09,09:30,735.9000244140625,736.5,729.2999877929688,729.2999877929688
2026-06-09,09:35,729.2000122070312,729.2999877929688,724.2999877929688,726.0
2026-06-09,09:40,725.7999877929688,728.2000122070312,723.9000244140625,727.7000122070312
2026-06-09,09:45,727.5999755859375,728.7000122070312,724.0,727.5999755859375
2026-06-09,09:50,728.0,730.5,722.7999877929688,723.5
2026-06-09,09:55,723.0,726.2999877929688,721.0999755859375,725.0
2026-06-09,10:00,725.0,727.2000122070312,723.9000244140625,723.9000244140625
2026-06-09,10:05,723.9000244140625,728.7000122070312,722.2000122070312,724.2000122070312
2026-06-09,10:10,724.5,728.5999755859375,723.5999755859375,726.5
2026-06-09,10:15,726.5,730.9000244140625,725.0999755859375,730.9000244140625
2026-06-09,10:20,730.5999755859375,738.0999755859375,730.5,736.5
2026-06-09,10:25,736.7000122070312,737.9000244140625,732.5,733.0
2026-06-09,10:30,733.0,735.2999877929688,731.0,734.2999877929688
2026-06-09,10:35,734.2000122070312,737.4000244140625,733.0,737.4000244140625
2026-06-09,10:40,737.4000244140625,739.2000122070312,734.0,736.7999877929688
2026-06-09,10:45,737.0,740.5,737.0,738.9000244140625
2026-06-09,10:50,738.7000122070312,739.5,734.0,734.0
2026-06-09,10:55,734.0,735.2999877929688,733.4000244140625,733.7999877929688
2026-06-09,11:00,734.0,736.0,733.0999755859375,735.9000244140625
2026-06-09,11:05,735.4000244140625,737.7999877929688,734.5999755859375,737.2000122070312
2026-06-09,11:10,737.5,738.2000122070312,736.2000122070312,736.7999877929688
2026-06-09,11:15,736.5999755859375,738.2000122070312,736.0,737.5
2026-06-09,11:20,737.9000244140625,737.9000244140625,735.0999755859375,735.9000244140625
2026-06-09,11:25,735.7999877929688,736.5999755859375,734.0,736.4000244140625
2026-06-09,11:30,736.4000244140625,736.5,736.2999877929688,736.2999877929688
2026-06-09,12:30,740.0,745.9000244140625,740.0,745.7999877929688
2026-06-09,12:35,745.9000244140625,747.2999877929688,745.0999755859375,747.0999755859375
2026-06-09,12:40,747.0999755859375,751.4000244140625,747.0,749.5
2026-06-09,12:45,749.5999755859375,751.0999755859375,748.7999877929688,749.7999877929688
2026-06-09,12:50,749.4000244140625,750.7000122070312,749.0999755859375,750.5
2026-06-09,12:55,750.4000244140625,751.0999755859375,749.5999755859375,750.0
2026-06-09,13:00,749.9000244140625,750.7999877929688,748.5999755859375,749.5999755859375
2026-06-09,13:05,750.0,751.4000244140625,748.2999877929688,751.0999755859375
2026-06-09,13:10,751.0999755859375,751.7000122070312,749.2999877929688,749.2999877929688
2026-06-09,13:15,749.2000122070312,752.5,748.5,751.9000244140625
2026-06-09,13:20,752.2000122070312,752.2999877929688,750.7999877929688,752.0999755859375
2026-06-09,13:25,752.0999755859375,753.0,751.0999755859375,752.7999877929688
2026-06-09,13:30,753.0,754.2999877929688,751.7999877929688,754.0
2026-06-09,13:35,754.0999755859375,755.0,753.5,754.9000244140625
2026-06-09,13:40,754.9000244140625,755.2000122070312,753.5,754.0
2026-06-09,13:45,754.0999755859375,754.0999755859375,752.7999877929688,753.4000244140625
2026-06-09,13:50,753.2999877929688,753.2999877929688,751.2999877929688,752.5
2026-06-09,13:55,752.2999877929688,752.9000244140625,751.5,751.7000122070312
2026-06-09,14:00,751.5999755859375,754.0,751.5,753.7999877929688
2026-06-09,14:05,753.7000122070312,754.4000244140625,751.9000244140625,751.9000244140625
2026-06-09,14:10,751.5,755.7000122070312,751.5,754.7999877929688
2026-06-09,14:15,755.0,756.0,754.7000122070312,754.7000122070312
2026-06-09,14:20,754.5999755859375,755.2000122070312,752.5,753.7999877929688
2026-06-09,14:25,753.9000244140625,753.9000244140625,750.4000244140625,750.5999755859375
2026-06-09,14:30,750.9000244140625,754.7000122070312,749.5,752.7999877929688
2026-06-09,14:35,753.4000244140625,753.5999755859375,751.0,751.2999877929688
2026-06-09,14:40,751.5999755859375,753.7999877929688,750.9000244140625,752.2999877929688
2026-06-09,14:45,752.7999877929688,754.2999877929688,752.7999877929688,754.0
2026-06-09,14:50,753.5,753.5999755859375,751.7000122070312,751.7000122070312
2026-06-09,14:55,751.5999755859375,752.5,750.0999755859375,751.5999755859375
2026-06-09,15:00,752.0,752.7000122070312,750.7000122070312,751.2999877929688
2026-06-09,15:05,751.0,751.2000122070312,748.5999755859375,748.7999877929688
2026-06-09,15:10,749.0999755859375,749.0999755859375,747.5999755859375,748.7000122070312
2026-06-09,15:15,749.0,752.9000244140625,749.0,752.4000244140625
2026-06-09,15:20,752.5,753.9000244140625,752.2000122070312,753.5999755859375
2026-06-10,09:05,738.0,742.2000122070312,738.0,742.2000122070312
2026-06-10,09:10,742.0,746.9000244140625,739.7999877929688,746.5
2026-06-10,09:15,746.7000122070312,746.9000244140625,739.7999877929688,742.0
2026-06-10,09:20,742.0999755859375,742.7999877929688,738.7000122070312,740.9000244140625
2026-06-10,09:25,740.9000244140625,747.2000122070312,740.0999755859375,745.2999877929688
2026-06-10,09:30,745.7999877929688,747.5,740.7000122070312,740.7000122070312
2026-06-10,09:35,740.7000122070312,742.7999877929688,736.5,738.7000122070312
2026-06-10,09:40,738.2000122070312,738.2000122070312,732.5,734.4000244140625
2026-06-10,09:45,734.2999877929688,740.5999755859375,734.0,740.0
2026-06-10,09:50,739.9000244140625,742.7999877929688,735.7000122070312,742.2999877929688
2026-06-10,09:55,742.2000122070312,743.0,739.7999877929688,741.7000122070312
2026-06-10,10:00,741.2999877929688,743.0,738.7999877929688,741.9000244140625
2026-06-10,10:05,741.7000122070312,743.5,739.2000122070312,741.5
2026-06-10,10:10,741.2999877929688,746.2999877929688,740.0,744.5999755859375
2026-06-10,10:15,744.5,746.7999877929688,743.0999755859375,746.2999877929688
2026-06-10,10:20,746.4000244140625,746.5,742.2000122070312,743.0
2026-06-10,10:25,742.7999877929688,745.0999755859375,741.0999755859375,742.7999877929688
2026-06-10,10:30,743.0999755859375,744.2000122070312,739.0,744.2000122070312
2026-06-10,10:35,744.0,744.2999877929688,740.0,743.0
2026-06-10,10:40,743.0,743.4000244140625,739.7999877929688,740.7000122070312
2026-06-10,10:45,740.5999755859375,743.4000244140625,740.0,742.5999755859375
2026-06-10,10:50,742.2999877929688,742.4000244140625,737.0,738.9000244140625
2026-06-10,10:55,738.7000122070312,740.0999755859375,736.7000122070312,737.5999755859375
2026-06-10,11:00,737.2999877929688,740.0,736.0999755859375,736.2000122070312
2026-06-10,11:05,736.0999755859375,737.0,735.5,735.5999755859375
2026-06-10,11:10,735.7000122070312,739.0999755859375,735.2000122070312,738.7999877929688
2026-06-10,11:15,738.7000122070312,739.5,737.9000244140625,738.2000122070312
2026-06-10,11:20,738.0,739.5999755859375,737.0999755859375,737.7999877929688
2026-06-10,11:25,737.5,738.0999755859375,735.2999877929688,737.5
2026-06-10,11:30,738.0999755859375,738.0999755859375,738.0999755859375,738.0999755859375
2026-06-10,12:30,738.0999755859375,739.9000244140625,736.7000122070312,738.2999877929688
2026-06-10,12:35,737.5,737.5999755859375,733.0999755859375,733.5
2026-06-10,12:40,733.2999877929688,733.2999877929688,730.7999877929688,732.0999755859375
2026-06-10,12:45,732.0,734.5,732.0,733.2000122070312
2026-06-10,12:50,733.0999755859375,734.5999755859375,731.7999877929688,734.5
2026-06-10,12:55,734.2999877929688,734.5,732.5999755859375,733.4000244140625
2026-06-10,13:00,733.5999755859375,733.5999755859375,731.0,731.9000244140625
2026-06-10,13:05,731.5,731.5999755859375,728.5999755859375,729.0999755859375
2026-06-10,13:10,729.0,729.9000244140625,727.2999877929688,727.5
2026-06-10,13:15,727.7000122070312,729.5,726.7000122070312,727.2999877929688
2026-06-10,13:20,728.2000122070312,729.2000122070312,725.2000122070312,725.5999755859375
2026-06-10,13:25,726.0999755859375,726.2999877929688,723.0999755859375,723.0999755859375
2026-06-10,13:30,723.0,724.0999755859375,720.7999877929688,721.0
2026-06-10,13:35,721.2000122070312,722.5999755859375,720.5,721.7000122070312
2026-06-10,13:40,721.5,723.0999755859375,718.0,718.0999755859375
2026-06-10,13:45,718.0,720.7000122070312,716.5,720.2000122070312
2026-06-10,13:50,720.5,725.0999755859375,719.5,724.5
2026-06-10,13:55,724.4000244140625,724.7999877929688,718.9000244140625,719.7999877929688
2026-06-10,14:00,719.7999877929688,722.5,717.9000244140625,722.2000122070312
2026-06-10,14:05,721.7000122070312,724.9000244140625,720.2999877929688,722.0999755859375
2026-06-10,14:10,722.2999877929688,722.4000244140625,720.2999877929688,721.0999755859375
2026-06-10,14:15,721.0,721.0999755859375,715.7999877929688,716.0
2026-06-10,14:20,716.0999755859375,719.4000244140625,715.9000244140625,718.0
2026-06-10,14:25,718.5999755859375,723.0,716.2999877929688,723.0
2026-06-10,14:30,723.0,724.7999877929688,718.2000122070312,724.0
2026-06-10,14:35,723.7000122070312,724.7000122070312,722.4000244140625,724.4000244140625
2026-06-10,14:40,724.7000122070312,726.7000122070312,722.5,723.4000244140625
2026-06-10,14:45,723.5,724.0,719.4000244140625,720.2000122070312
2026-06-10,14:50,720.4000244140625,723.7000122070312,719.7999877929688,723.0999755859375
2026-06-10,14:55,723.9000244140625,725.7999877929688,722.9000244140625,725.7000122070312
2026-06-10,15:00,725.7999877929688,727.0,725.0,726.7999877929688
2026-06-10,15:05,726.5999755859375,729.4000244140625,725.9000244140625,727.0
2026-06-10,15:10,726.7999877929688,729.2000122070312,725.7000122070312,728.5999755859375
2026-06-10,15:15,728.5,730.2999877929688,726.9000244140625,730.0
2026-06-10,15:20,730.0999755859375,730.4000244140625,725.7999877929688,726.2000122070312
2026-06-11,09:05,692.7000122070312,693.0999755859375,686.0999755859375,686.2999877929688
2026-06-11,09:10,686.0,693.5999755859375,684.5,691.0
2026-06-11,09:15,691.2999877929688,701.7000122070312,690.7999877929688,697.4000244140625
2026-06-11,09:20,697.7999877929688,700.0,695.5,696.5999755859375
2026-06-11,09:25,696.5999755859375,698.5999755859375,692.9000244140625,697.5
2026-06-11,09:30,697.2000122070312,698.5,693.5999755859375,694.9000244140625
2026-06-11,09:35,695.0,696.7000122070312,693.4000244140625,694.7000122070312
2026-06-11,09:40,695.0999755859375,701.7999877929688,694.0,699.5
2026-06-11,09:45,699.4000244140625,712.0,699.0999755859375,711.5999755859375
2026-06-11,09:50,711.5,713.4000244140625,708.5,710.5
2026-06-11,09:55,710.7000122070312,713.9000244140625,708.7000122070312,708.7000122070312
2026-06-11,10:00,709.0,717.0999755859375,709.0,715.0
2026-06-11,10:05,715.0,718.5,713.5999755859375,718.5
2026-06-11,10:10,718.4000244140625,724.4000244140625,718.4000244140625,724.2000122070312
2026-06-11,10:15,724.2000122070312,725.2000122070312,719.5,724.9000244140625
2026-06-11,10:20,725.4000244140625,725.7000122070312,720.5999755859375,725.0999755859375
2026-06-11,10:25,725.0999755859375,726.0999755859375,722.7999877929688,725.4000244140625
2026-06-11,10:30,725.7000122070312,725.7000122070312,721.7999877929688,722.2999877929688
2026-06-11,10:35,722.0,722.0999755859375,718.2999877929688,721.2000122070312
2026-06-11,10:40,721.0999755859375,724.2000122070312,719.9000244140625,721.5999755859375
2026-06-11,10:45,721.7999877929688,721.7999877929688,719.2000122070312,720.2000122070312
2026-06-11,10:50,720.2000122070312,720.7999877929688,715.4000244140625,716.0999755859375
2026-06-11,10:55,715.7000122070312,715.9000244140625,711.0,713.2000122070312
2026-06-11,11:00,713.0,719.7000122070312,711.7999877929688,719.4000244140625
2026-06-11,11:05,719.4000244140625,719.4000244140625,715.4000244140625,716.7999877929688
2026-06-11,11:10,716.7000122070312,717.5999755859375,713.7000122070312,713.7000122070312
2026-06-11,11:15,714.2000122070312,714.7000122070312,711.5999755859375,711.9000244140625
2026-06-11,11:20,712.0,713.2000122070312,706.0999755859375,706.5999755859375
2026-06-11,11:25,706.5,706.7000122070312,703.4000244140625,704.7000122070312
2026-06-11,11:30,705.0999755859375,705.0999755859375,705.0999755859375,705.0999755859375
2026-06-11,12:30,713.5,720.7000122070312,713.0,720.2999877929688
2026-06-11,12:35,720.4000244140625,720.7999877929688,715.4000244140625,718.9000244140625
2026-06-11,12:40,718.9000244140625,721.7000122070312,718.4000244140625,721.5
2026-06-11,12:45,721.4000244140625,723.2000122070312,720.0999755859375,721.7999877929688
2026-06-11,12:50,721.7999877929688,724.2999877929688,721.5999755859375,723.4000244140625
2026-06-11,12:55,724.0,726.9000244140625,723.5,726.7999877929688
2026-06-11,13:00,727.0,727.5999755859375,723.0,723.0
2026-06-11,13:05,722.5999755859375,725.2000122070312,721.5,724.7000122070312
2026-06-11,13:10,724.7000122070312,725.0,723.2000122070312,724.2999877929688
2026-06-11,13:15,724.0999755859375,725.0,720.7999877929688,723.2000122070312
2026-06-11,13:20,723.2999877929688,726.2000122070312,722.2000122070312,725.5999755859375
2026-06-11,13:25,725.2000122070312,727.2000122070312,724.7999877929688,725.2999877929688
2026-06-11,13:30,725.9000244140625,727.0999755859375,723.9000244140625,724.2999877929688
2026-06-11,13:35,724.2000122070312,726.7999877929688,723.5999755859375,726.4000244140625
2026-06-11,13:40,726.4000244140625,729.5,725.9000244140625,728.9000244140625
2026-06-11,13:45,728.7999877929688,731.0,728.7000122070312,729.0
2026-06-11,13:50,728.9000244140625,729.0999755859375,726.7000122070312,729.0999755859375
2026-06-11,13:55,729.0999755859375,729.5999755859375,727.5999755859375,728.5999755859375
2026-06-11,14:00,728.7000122070312,728.9000244140625,725.7000122070312,727.2999877929688
2026-06-11,14:05,727.5,728.0,725.0999755859375,726.7999877929688
2026-06-11,14:10,726.0999755859375,726.7000122070312,724.7000122070312,725.2999877929688
2026-06-11,14:15,724.7999877929688,726.9000244140625,724.7000122070312,726.9000244140625
2026-06-11,14:20,726.7000122070312,727.9000244140625,726.5999755859375,727.7000122070312
2026-06-11,14:25,727.2999877929688,727.2999877929688,724.5999755859375,725.5
2026-06-11,14:30,725.5,727.5999755859375,724.0999755859375,727.5999755859375
2026-06-11,14:35,727.4000244140625,727.9000244140625,725.5,726.0
2026-06-11,14:40,726.0999755859375,727.5999755859375,726.0999755859375,727.0
2026-06-11,14:45,726.4000244140625,727.2000122070312,725.9000244140625,726.2999877929688
2026-06-11,14:50,726.2999877929688,726.5999755859375,724.0,724.0
2026-06-11,14:55,723.9000244140625,725.5,722.9000244140625,725.0
2026-06-11,15:00,725.0999755859375,725.0999755859375,723.2000122070312,723.2000122070312
2026-06-11,15:05,723.0,724.2000122070312,721.5999755859375,722.5999755859375
2026-06-11,15:10,722.0999755859375,724.5999755859375,722.0,724.2999877929688
2026-06-11,15:15,724.2999877929688,726.2999877929688,724.2000122070312,725.7000122070312
2026-06-11,15:20,725.7999877929688,727.0999755859375,725.7000122070312,726.7999877929688
2026-06-12,09:05,778.0,779.4000244140625,777.7999877929688,778.5
2026-06-12,09:10,778.2999877929688,780.2999877929688,775.0999755859375,777.2000122070312
2026-06-12,09:15,777.0999755859375,784.4000244140625,774.5999755859375,783.7999877929688
2026-06-12,09:20,784.0,785.2999877929688,782.0999755859375,785.0
2026-06-12,09:25,785.2000122070312,786.2999877929688,782.2999877929688,783.0999755859375
2026-06-12,09:30,783.2999877929688,789.4000244140625,782.5,789.4000244140625
2026-06-12,09:35,789.5,790.5999755859375,786.0999755859375,786.5999755859375
2026-06-12,09:40,786.4000244140625,786.9000244140625,781.2999877929688,781.2999877929688
2026-06-12,09:45,781.0999755859375,786.0,780.9000244140625,784.0
2026-06-12,09:50,783.9000244140625,785.0,783.0999755859375,783.2000122070312
2026-06-12,09:55,783.2999877929688,784.7999877929688,780.5999755859375,783.9000244140625
2026-06-12,10:00,783.9000244140625,783.9000244140625,778.2999877929688,778.2999877929688
2026-06-12,10:05,778.2999877929688,779.0999755859375,775.7999877929688,778.2999877929688
2026-06-12,10:10,777.7999877929688,779.2000122070312,775.2999877929688,777.5
2026-06-12,10:15,777.2000122070312,777.5999755859375,772.0999755859375,772.5
2026-06-12,10:20,772.2999877929688,773.9000244140625,769.7000122070312,769.7999877929688
2026-06-12,10:25,769.5999755859375,769.5999755859375,764.0,764.2999877929688
2026-06-12,10:30,764.5,766.5999755859375,762.5999755859375,766.5
2026-06-12,10:35,766.7000122070312,767.2000122070312,764.0999755859375,765.7999877929688
2026-06-12,10:40,765.2999877929688,772.5,764.5999755859375,770.2999877929688
2026-06-12,10:45,770.0999755859375,776.0999755859375,770.0999755859375,776.0
2026-06-12,10:50,776.0999755859375,778.2999877929688,775.2000122070312,777.2000122070312
2026-06-12,10:55,777.4000244140625,782.0,776.9000244140625,781.5999755859375
2026-06-12,11:00,781.7000122070312,783.9000244140625,781.2000122070312,783.4000244140625
2026-06-12,11:05,783.2999877929688,783.4000244140625,779.0999755859375,783.0999755859375
2026-06-12,11:10,783.0999755859375,783.5,779.5999755859375,780.5
2026-06-12,11:15,780.5,781.9000244140625,778.4000244140625,779.5
2026-06-12,11:20,779.4000244140625,780.4000244140625,777.0,777.5
2026-06-12,11:25,777.7999877929688,778.5999755859375,776.0999755859375,777.2000122070312
2026-06-12,11:30,777.2999877929688,777.2999877929688,777.2999877929688,777.2999877929688
2026-06-12,12:30,774.2999877929688,774.7000122070312,771.5999755859375,772.9000244140625
2026-06-12,12:35,773.2000122070312,775.5,772.5999755859375,773.2000122070312
2026-06-12,12:40,773.0999755859375,776.0999755859375,772.7999877929688,775.0999755859375
2026-06-12,12:45,775.2000122070312,775.5999755859375,770.5999755859375,774.4000244140625
2026-06-12,12:50,774.4000244140625,777.2999877929688,774.4000244140625,776.7000122070312
2026-06-12,12:55,776.4000244140625,778.7000122070312,775.5999755859375,778.2999877929688
2026-06-12,13:00,778.4000244140625,778.5,774.2999877929688,775.0
2026-06-12,13:05,774.7000122070312,775.9000244140625,774.2999877929688,775.5
2026-06-12,13:10,775.0,777.2999877929688,774.5,777.0999755859375
2026-06-12,13:15,777.0999755859375,777.5999755859375,775.5,775.7000122070312
2026-06-12,13:20,775.7000122070312,777.5999755859375,774.4000244140625,777.2000122070312
2026-06-12,13:25,777.2999877929688,779.7000122070312,777.2999877929688,779.2000122070312
2026-06-12,13:30,779.2999877929688,781.2999877929688,778.7999877929688,778.7999877929688
2026-06-12,13:35,778.5,779.4000244140625,777.9000244140625,778.5999755859375
2026-06-12,13:40,778.0999755859375,779.4000244140625,777.2999877929688,778.0
2026-06-12,13:45,778.2999877929688,779.5999755859375,778.0999755859375,778.7000122070312
2026-06-12,13:50,778.7999877929688,780.0999755859375,778.7000122070312,779.9000244140625
2026-06-12,13:55,779.9000244140625,781.2999877929688,779.2999877929688,780.2000122070312
2026-06-12,14:00,780.0,781.7000122070312,779.4000244140625,780.0
2026-06-12,14:05,779.5999755859375,779.7000122070312,778.2000122070312,778.7000122070312
2026-06-12,14:10,778.5999755859375,780.4000244140625,776.7999877929688,780.2999877929688
2026-06-12,14:15,780.2000122070312,781.5999755859375,778.9000244140625,779.0
2026-06-12,14:20,779.0,779.5999755859375,776.5,776.7000122070312
2026-06-12,14:25,776.9000244140625,777.9000244140625,775.9000244140625,776.9000244140625
2026-06-12,14:30,776.5999755859375,776.5999755859375,772.5,773.5
2026-06-12,14:35,773.2999877929688,774.7000122070312,767.7999877929688,768.9000244140625
2026-06-12,14:40,768.5999755859375,772.5,768.5999755859375,770.7000122070312
2026-06-12,14:45,770.5999755859375,770.7999877929688,768.9000244140625,769.5
2026-06-12,14:50,768.7999877929688,771.0999755859375,766.9000244140625,770.2000122070312
2026-06-12,14:55,770.2000122070312,770.7000122070312,766.0999755859375,766.7000122070312
2026-06-12,15:00,766.7999877929688,770.0,766.7000122070312,768.7000122070312
2026-06-12,15:05,768.9000244140625,770.7000122070312,767.7999877929688,768.5999755859375
2026-06-12,15:10,768.5999755859375,770.7999877929688,768.0,770.0
2026-06-12,15:15,769.9000244140625,769.9000244140625,768.0,768.5
2026-06-12,15:20,768.2999877929688,769.0,767.5,767.7000122070312
2026-06-15,09:05,825.7000122070312,828.0999755859375,825.2999877929688,827.7000122070312
2026-06-15,09:10,827.7000122070312,833.4000244140625,827.7000122070312,833.4000244140625
2026-06-15,09:15,833.4000244140625,834.5999755859375,830.0,833.4000244140625
2026-06-15,09:20,833.2999877929688,834.9000244140625,831.4000244140625,833.2000122070312
2026-06-15,09:25,833.2000122070312,836.9000244140625,833.2000122070312,836.2000122070312
2026-06-15,09:30,836.2000122070312,839.7000122070312,835.7000122070312,838.7999877929688
2026-06-15,09:35,838.7000122070312,840.0999755859375,837.7999877929688,839.7999877929688
2026-06-15,09:40,840.0,841.2999877929688,839.5,841.0999755859375
2026-06-15,09:45,841.0999755859375,844.2000122070312,840.7999877929688,843.7000122070312
2026-06-15,09:50,844.0,845.2999877929688,842.5999755859375,844.2000122070312
2026-06-15,09:55,844.5999755859375,846.0,844.0,845.5
2026-06-15,10:00,845.4000244140625,846.2000122070312,843.5999755859375,845.4000244140625
2026-06-15,10:05,845.0999755859375,846.4000244140625,843.0999755859375,845.9000244140625
2026-06-15,10:10,845.7000122070312,849.0,845.7000122070312,848.7000122070312
2026-06-15,10:15,848.5999755859375,849.4000244140625,845.2000122070312,845.4000244140625
2026-06-15,10:20,845.2000122070312,845.4000244140625,842.7999877929688,843.0
2026-06-15,10:25,843.0,846.0,841.4000244140625,844.5999755859375
2026-06-15,10:30,844.7000122070312,845.5,841.5999755859375,841.9000244140625
2026-06-15,10:35,841.5999755859375,846.2000122070312,840.7999877929688,845.5
2026-06-15,10:40,845.5,848.7000122070312,844.9000244140625,847.9000244140625
2026-06-15,10:45,847.9000244140625,849.2000122070312,846.7000122070312,848.5999755859375
2026-06-15,10:50,849.0,851.7000122070312,848.5999755859375,851.2000122070312
2026-06-15,10:55,851.4000244140625,852.0,850.0999755859375,850.0999755859375
2026-06-15,11:00,850.0,851.0,848.5999755859375,849.0999755859375
2026-06-15,11:05,849.7999877929688,850.2999877929688,848.2999877929688,849.0999755859375
2026-06-15,11:10,849.2000122070312,850.7999877929688,848.4000244140625,848.5999755859375
2026-06-15,11:15,848.7999877929688,851.7000122070312,848.7999877929688,850.5
2026-06-15,11:20,851.0,851.2000122070312,849.7000122070312,851.0999755859375
2026-06-15,11:25,851.0,851.5,849.9000244140625,850.0
2026-06-15,11:30,849.7000122070312,849.7000122070312,849.7000122070312,849.7000122070312
2026-06-15,12:30,849.0,849.9000244140625,848.4000244140625,849.0999755859375
2026-06-15,12:35,849.7000122070312,850.2000122070312,846.4000244140625,846.5
2026-06-15,12:40,846.5,847.4000244140625,844.4000244140625,847.0
2026-06-15,12:45,846.7000122070312,846.7999877929688,843.7000122070312,843.7000122070312
2026-06-15,12:50,843.5,844.7000122070312,842.7999877929688,844.2000122070312
2026-06-15,12:55,844.0999755859375,844.0999755859375,842.0999755859375,842.5999755859375
2026-06-15,13:00,842.5999755859375,844.0999755859375,840.5,841.4000244140625
2026-06-15,13:05,841.2000122070312,842.2000122070312,840.4000244140625,841.7000122070312
2026-06-15,13:10,841.0,843.0,841.0,843.0
2026-06-15,13:15,842.9000244140625,844.7999877929688,842.0,844.4000244140625
2026-06-15,13:20,844.5,844.5999755859375,843.2000122070312,843.2999877929688
2026-06-15,13:25,843.2000122070312,844.5,843.2000122070312,843.7999877929688
2026-06-15,13:30,844.0999755859375,844.0999755859375,841.7999877929688,843.5
2026-06-15,13:35,843.0,843.2999877929688,841.2999877929688,841.5
2026-06-15,13:40,841.5,843.4000244140625,840.2000122070312,843.2000122070312
2026-06-15,13:45,843.2000122070312,843.7999877929688,841.7000122070312,841.7000122070312
2026-06-15,13:50,841.5999755859375,841.7999877929688,840.0,840.5999755859375
2026-06-15,13:55,840.7000122070312,842.5,840.0,841.7000122070312
2026-06-15,14:00,841.7999877929688,842.7999877929688,841.0999755859375,842.5
2026-06-15,14:05,842.5,843.7000122070312,841.7999877929688,843.4000244140625
2026-06-15,14:10,843.5,843.7999877929688,842.2000122070312,842.7000122070312
2026-06-15,14:15,842.7999877929688,843.9000244140625,842.5,843.0
2026-06-15,14:20,843.0999755859375,844.2999877929688,842.7000122070312,843.0
2026-06-15,14:25,842.9000244140625,843.7000122070312,841.7000122070312,843.0
2026-06-15,14:30,843.0999755859375,843.7000122070312,840.2000122070312,840.2000122070312
2026-06-15,14:35,840.4000244140625,841.0,837.5999755859375,839.5
2026-06-15,14:40,839.9000244140625,840.7999877929688,838.9000244140625,839.5
2026-06-15,14:45,840.0,840.5999755859375,839.2999877929688,839.2999877929688
2026-06-15,14:50,839.4000244140625,841.5999755859375,838.7999877929688,841.5999755859375
2026-06-15,14:55,841.5999755859375,843.5,841.5,843.4000244140625
2026-06-15,15:00,843.5999755859375,845.0,843.4000244140625,844.4000244140625
2026-06-15,15:05,844.5,845.0999755859375,843.0999755859375,843.5
2026-06-15,15:10,843.4000244140625,844.0999755859375,842.7000122070312,843.5
2026-06-15,15:15,843.5,843.5,842.0,843.0
2026-06-15,15:20,842.7999877929688,844.7000122070312,842.5999755859375,844.7000122070312
2026-06-15,15:25,844.7000122070312,844.7000122070312,844.7000122070312,844.7000122070312
2026-06-16,09:05,840.5,842.7999877929688,838.5,841.5999755859375
2026-06-16,09:10,841.5,847.0999755859375,841.2999877929688,846.5999755859375
2026-06-16,09:15,846.5999755859375,849.7999877929688,844.5,849.7999877929688
2026-06-16,09:20,849.9000244140625,850.7000122070312,846.0,849.2999877929688
2026-06-16,09:25,849.0999755859375,849.7000122070312,844.5999755859375,846.2000122070312
2026-06-16,09:30,845.9000244140625,848.5,843.0,845.4000244140625
2026-06-16,09:35,845.2000122070312,845.2999877929688,842.2999877929688,844.4000244140625
2026-06-16,09:40,844.7000122070312,848.2000122070312,843.4000244140625,843.5999755859375
2026-06-16,09:45,843.9000244140625,846.0,842.2999877929688,842.5999755859375
2026-06-16,09:50,843.4000244140625,844.5,840.0999755859375,842.0
2026-06-16,09:55,842.2000122070312,844.0,841.2999877929688,841.2999877929688
2026-06-16,10:00,841.2000122070312,843.5,840.5,843.4000244140625
2026-06-16,10:05,843.4000244140625,843.7000122070312,840.5999755859375,840.5999755859375
2026-06-16,10:10,841.0999755859375,843.5999755859375,840.2000122070312,842.4000244140625
2026-06-16,10:15,842.0,844.2999877929688,840.0999755859375,840.5
2026-06-16,10:20,840.5,842.5,839.4000244140625,839.5
2026-06-16,10:25,839.4000244140625,842.2000122070312,839.2000122070312,840.5
2026-06-16,10:30,840.5,842.7000122070312,839.7000122070312,841.5
2026-06-16,10:35,841.2999877929688,843.2000122070312,839.7000122070312,842.7999877929688
2026-06-16,10:40,842.7999877929688,842.7999877929688,840.0999755859375,841.0999755859375
2026-06-16,10:45,841.0999755859375,842.2000122070312,840.2000122070312,841.5
2026-06-16,10:50,841.5,842.2999877929688,839.5999755859375,840.2999877929688
2026-06-16,10:55,840.0,841.0,839.2999877929688,841.0
2026-06-16,11:00,841.0,841.5,838.5999755859375,839.7000122070312
2026-06-16,11:05,840.0,842.5,839.4000244140625,841.9000244140625
2026-06-16,11:10,841.5,842.2000122070312,839.0999755859375,840.2999877929688
2026-06-16,11:15,840.0,843.2000122070312,839.9000244140625,841.4000244140625
2026-06-16,11:20,841.0,841.5999755859375,839.7999877929688,840.7999877929688
2026-06-16,11:25,840.5999755859375,842.2999877929688,840.0999755859375,841.7999877929688
2026-06-16,11:30,841.7000122070312,841.7000122070312,841.7000122070312,841.7000122070312
2026-06-16,12:30,846.0,853.0,846.0,852.5999755859375
2026-06-16,12:35,852.5999755859375,857.5,852.2999877929688,857.5
2026-06-16,12:40,857.4000244140625,860.2999877929688,856.2000122070312,859.9000244140625
2026-06-16,12:45,860.0,860.2999877929688,855.7000122070312,855.7000122070312
2026-06-16,12:50,855.9000244140625,856.2999877929688,850.0,851.7000122070312
2026-06-16,12:55,851.5,854.2000122070312,849.4000244140625,852.7000122070312
2026-06-16,13:00,852.5,855.2000122070312,852.0,853.2999877929688
2026-06-16,13:05,853.7999877929688,854.7000122070312,852.5999755859375,853.9000244140625
2026-06-16,13:10,853.5,855.4000244140625,853.0,853.0
2026-06-16,13:15,852.9000244140625,854.2999877929688,850.2000122070312,850.5
2026-06-16,13:20,850.4000244140625,853.7999877929688,850.2000122070312,852.9000244140625
2026-06-16,13:25,852.7000122070312,853.5,851.5,852.7999877929688
2026-06-16,13:30,853.0999755859375,854.0999755859375,852.5,853.2999877929688
2026-06-16,13:35,853.2999877929688,853.5,851.9000244140625,853.2000122070312
2026-06-16,13:40,853.2999877929688,854.5999755859375,853.0999755859375,854.0
2026-06-16,13:45,853.7999877929688,854.0,850.4000244140625,850.4000244140625
2026-06-16,13:50,850.2999877929688,851.2999877929688,848.2000122070312,848.2000122070312
2026-06-16,13:55,848.0999755859375,848.9000244140625,847.2999877929688,847.7000122070312
2026-06-16,14:00,848.2000122070312,851.5,848.2000122070312,850.4000244140625
2026-06-16,14:05,850.5,853.0,849.2999877929688,851.7999877929688
2026-06-16,14:10,852.0,853.7000122070312,852.0,853.0
2026-06-16,14:15,852.9000244140625,853.0,851.7999877929688,852.5999755859375
2026-06-16,14:20,852.5,852.7999877929688,851.5,852.4000244140625
2026-06-16,14:25,852.4000244140625,852.7999877929688,850.5,850.5
2026-06-16,14:30,850.4000244140625,850.7000122070312,848.0,848.0
2026-06-16,14:35,847.7999877929688,848.9000244140625,847.0,847.7000122070312
2026-06-16,14:40,847.5,847.5,845.0,846.0999755859375
2026-06-16,14:45,846.0,848.4000244140625,846.0,847.0
2026-06-16,14:50,847.2999877929688,848.0,844.7999877929688,845.0999755859375
2026-06-16,14:55,845.0999755859375,846.2000122070312,843.5,844.5
2026-06-16,15:00,844.4000244140625,845.5,843.5,845.2999877929688
2026-06-16,15:05,845.7000122070312,846.7999877929688,844.9000244140625,845.7000122070312
2026-06-16,15:10,845.2999877929688,847.0999755859375,845.2999877929688,847.0999755859375
2026-06-16,15:15,847.2000122070312,847.5,845.7000122070312,845.7000122070312
2026-06-16,15:20,846.0,846.2000122070312,843.5999755859375,844.7000122070312
2026-06-17,09:05,842.2000122070312,843.7000122070312,838.4000244140625,842.5
2026-06-17,09:10,842.4000244140625,844.5999755859375,842.0,843.7999877929688
2026-06-17,09:15,843.9000244140625,851.7999877929688,843.2999877929688,848.2000122070312
2026-06-17,09:20,847.9000244140625,847.9000244140625,841.7000122070312,844.0999755859375
2026-06-17,09:25,843.5,846.0999755859375,842.4000244140625,845.2000122070312
2026-06-17,09:30,845.0999755859375,848.0,843.2000122070312,847.0999755859375
2026-06-17,09:35,847.2999877929688,850.4000244140625,845.7000122070312,847.5999755859375
2026-06-17,09:40,847.7999877929688,849.2999877929688,845.4000244140625,845.9000244140625
2026-06-17,09:45,845.7999877929688,849.7000122070312,843.0,849.4000244140625
2026-06-17,09:50,849.5,849.7000122070312,846.4000244140625,849.2000122070312
2026-06-17,09:55,849.0999755859375,851.2999877929688,849.0,850.2999877929688
2026-06-17,10:00,850.2999877929688,851.5,847.0999755859375,850.9000244140625
2026-06-17,10:05,851.2000122070312,853.4000244140625,850.4000244140625,853.2999877929688
2026-06-17,10:10,853.2999877929688,853.7999877929688,852.2000122070312,853.2000122070312
2026-06-17,10:15,853.2999877929688,853.5999755859375,850.5,853.5
2026-06-17,10:20,853.5999755859375,853.5999755859375,851.7999877929688,853.0
2026-06-17,10:25,852.5,855.2000122070312,851.5999755859375,854.9000244140625
2026-06-17,10:30,855.0,856.5,853.4000244140625,856.2000122070312
2026-06-17,10:35,856.0999755859375,857.0,855.5,856.2000122070312
2026-06-17,10:40,856.4000244140625,857.7000122070312,854.9000244140625,855.9000244140625
2026-06-17,10:45,855.7000122070312,857.0,855.5,856.5999755859375
2026-06-17,10:50,856.2999877929688,858.2000122070312,856.2000122070312,857.2000122070312
2026-06-17,10:55,857.2000122070312,857.2999877929688,856.0999755859375,856.7000122070312
2026-06-17,11:00,856.2999877929688,856.5999755859375,854.0,854.2000122070312
2026-06-17,11:05,854.0,856.5,853.7000122070312,855.9000244140625
2026-06-17,11:10,856.4000244140625,857.2000122070312,856.0999755859375,857.2000122070312
2026-06-17,11:15,857.2000122070312,857.2000122070312,855.5,856.7000122070312
2026-06-17,11:20,856.5,857.7999877929688,856.2999877929688,856.7999877929688
2026-06-17,11:25,856.7000122070312,858.2000122070312,856.5999755859375,857.7000122070312
2026-06-17,11:30,858.2000122070312,858.2000122070312,858.2000122070312,858.2000122070312
2026-06-17,12:30,856.0,857.7999877929688,853.4000244140625,857.7000122070312
2026-06-17,12:35,857.7999877929688,858.5999755859375,856.2000122070312,857.0
2026-06-17,12:40,856.9000244140625,859.7000122070312,856.2000122070312,858.7000122070312
2026-06-17,12:45,858.5999755859375,861.2000122070312,858.2000122070312,860.0999755859375
2026-06-17,12:50,860.0999755859375,861.0,858.7999877929688,861.0
2026-06-17,12:55,860.7000122070312,863.2999877929688,860.4000244140625,862.9000244140625
2026-06-17,13:00,863.0,863.2000122070312,861.7000122070312,861.7999877929688
2026-06-17,13:05,861.7000122070312,863.2999877929688,861.2999877929688,862.2000122070312
2026-06-17,13:10,862.5,862.5,860.4000244140625,860.4000244140625
2026-06-17,13:15,860.4000244140625,861.0999755859375,860.0,860.2999877929688
2026-06-17,13:20,860.2000122070312,860.2999877929688,857.2999877929688,858.0
2026-06-17,13:25,858.0,859.7999877929688,858.0,858.2000122070312
2026-06-17,13:30,858.0,858.2000122070312,854.4000244140625,854.4000244140625
2026-06-17,13:35,854.4000244140625,855.0999755859375,852.7000122070312,854.2999877929688
2026-06-17,13:40,854.5,855.0999755859375,851.2999877929688,851.4000244140625
2026-06-17,13:45,851.5,854.9000244140625,851.5,854.7000122070312
2026-06-17,13:50,854.7999877929688,856.2000122070312,853.0,853.2000122070312
2026-06-17,13:55,853.0999755859375,856.5,853.0,856.4000244140625
2026-06-17,14:00,856.5,859.0,856.2000122070312,858.2000122070312
2026-06-17,14:05,858.0999755859375,860.0,857.0999755859375,859.0999755859375
2026-06-17,14:10,859.0999755859375,859.4000244140625,858.2000122070312,858.7000122070312
2026-06-17,14:15,858.5999755859375,858.7000122070312,857.0,857.7000122070312
2026-06-17,14:20,857.5999755859375,858.9000244140625,857.0,858.5999755859375
2026-06-17,14:25,858.5,859.4000244140625,858.2000122070312,858.4000244140625
2026-06-17,14:30,858.2999877929688,859.0999755859375,858.0999755859375,858.9000244140625
2026-06-17,14:35,858.7999877929688,860.4000244140625,858.2000122070312,860.2999877929688
2026-06-17,14:40,860.2999877929688,860.2999877929688,859.2000122070312,859.4000244140625
2026-06-17,14:45,859.4000244140625,860.9000244140625,859.2000122070312,860.4000244140625
2026-06-17,14:50,860.5,860.9000244140625,858.7000122070312,858.7000122070312
2026-06-17,14:55,858.7000122070312,859.0999755859375,857.5,859.0
2026-06-17,15:00,859.2000122070312,859.5,858.2000122070312,859.5
2026-06-17,15:05,859.5999755859375,860.5,858.9000244140625,859.5999755859375
2026-06-17,15:10,859.9000244140625,860.7000122070312,859.5,860.2000122070312
2026-06-17,15:15,859.5999755859375,859.7000122070312,858.2999877929688,859.4000244140625
2026-06-17,15:20,859.2999877929688,860.5,859.0,859.7999877929688
2026-06-18,09:05,875.2999877929688,882.7000122070312,875.2000122070312,882.4000244140625
2026-06-18,09:10,882.5,888.7999877929688,882.5,888.7999877929688
2026-06-18,09:15,888.7999877929688,893.0,888.7999877929688,891.0
2026-06-18,09:20,891.2999877929688,893.7999877929688,885.5999755859375,885.7000122070312
2026-06-18,09:25,885.5,889.9000244140625,880.9000244140625,889.4000244140625
2026-06-18,09:30,889.4000244140625,894.5,886.7999877929688,889.4000244140625
2026-06-18,09:35,889.7000122070312,889.7000122070312,886.5999755859375,889.5
2026-06-18,09:40,889.7000122070312,890.9000244140625,886.5999755859375,887.9000244140625
2026-06-18,09:45,888.2000122070312,889.5999755859375,885.2999877929688,885.5999755859375
2026-06-18,09:50,885.4000244140625,886.7999877929688,880.7999877929688,886.7999877929688
2026-06-18,09:55,886.0,886.7000122070312,880.7999877929688,884.0
2026-06-18,10:00,884.0,886.7999877929688,883.2000122070312,885.2999877929688
2026-06-18,10:05,885.2999877929688,888.7999877929688,883.0,888.7000122070312
2026-06-18,10:10,888.9000244140625,894.2999877929688,888.9000244140625,893.0999755859375
2026-06-18,10:15,893.5,893.5,888.5999755859375,890.5
2026-06-18,10:20,890.0999755859375,894.0999755859375,889.0,889.0
2026-06-18,10:25,890.0,891.2999877929688,887.5,887.7999877929688
2026-06-18,10:30,888.0999755859375,891.0999755859375,887.7999877929688,890.0
2026-06-18,10:35,889.2999877929688,890.5999755859375,887.0999755859375,887.2999877929688
2026-06-18,10:40,887.0,891.5999755859375,886.0999755859375,890.2999877929688
2026-06-18,10:45,890.0,890.2999877929688,885.2000122070312,887.2999877929688
2026-06-18,10:50,887.2999877929688,888.2000122070312,884.9000244140625,886.0
2026-06-18,10:55,886.0,888.2999877929688,886.0,887.2999877929688
2026-06-18,11:00,888.2999877929688,888.4000244140625,884.9000244140625,886.9000244140625
2026-06-18,11:05,887.0,890.4000244140625,886.4000244140625,889.9000244140625
2026-06-18,11:10,889.5999755859375,889.9000244140625,886.0,887.4000244140625
2026-06-18,11:15,887.5999755859375,889.2999877929688,886.9000244140625,886.9000244140625
2026-06-18,11:20,887.5999755859375,889.0,886.2000122070312,888.5
2026-06-18,11:25,888.2000122070312,888.2000122070312,885.0999755859375,885.7000122070312
2026-06-18,11:30,885.5,885.5,885.5,885.5
2026-06-18,12:30,881.0999755859375,885.0999755859375,880.9000244140625,883.2999877929688
2026-06-18,12:35,883.5999755859375,884.2000122070312,878.7000122070312,883.2000122070312
2026-06-18,12:40,883.4000244140625,884.2999877929688,881.2000122070312,884.2000122070312
2026-06-18,12:45,884.4000244140625,886.7999877929688,884.0,886.7999877929688
2026-06-18,12:50,886.9000244140625,889.2000122070312,886.7999877929688,889.2000122070312
2026-06-18,12:55,888.7999877929688,890.5,888.0999755859375,890.2000122070312
2026-06-18,13:00,890.0,891.5999755859375,889.7000122070312,890.0999755859375
2026-06-18,13:05,890.0,892.7999877929688,889.5,892.7000122070312
2026-06-18,13:10,892.5,893.2999877929688,890.0999755859375,890.0999755859375
2026-06-18,13:15,890.0999755859375,891.0999755859375,888.2000122070312,889.5
2026-06-18,13:20,889.0,890.9000244140625,887.7999877929688,889.5
2026-06-18,13:25,889.0999755859375,890.0999755859375,888.0999755859375,889.7999877929688
2026-06-18,13:30,889.7999877929688,890.0,888.0,889.2000122070312
2026-06-18,13:35,889.2000122070312,891.2999877929688,888.5999755859375,888.5999755859375
2026-06-18,13:40,888.5,889.7000122070312,887.5,887.7000122070312
2026-06-18,13:45,887.5999755859375,888.0,885.7999877929688,887.2000122070312
2026-06-18,13:50,887.5,889.2999877929688,885.9000244140625,888.0999755859375
2026-06-18,13:55,888.2999877929688,888.2999877929688,886.5,887.7000122070312
2026-06-18,14:00,887.5999755859375,889.5999755859375,886.5,889.4000244140625
2026-06-18,14:05,889.7000122070312,890.5,889.2999877929688,890.4000244140625
2026-06-18,14:10,890.0999755859375,890.9000244140625,887.7000122070312,887.9000244140625
2026-06-18,14:15,888.0999755859375,890.7999877929688,888.0999755859375,890.4000244140625
2026-06-18,14:20,890.2000122070312,890.7999877929688,889.5,889.5
2026-06-18,14:25,889.5,890.5999755859375,888.5,890.0
2026-06-18,14:30,890.2999877929688,892.2999877929688,889.7999877929688,891.2999877929688
2026-06-18,14:35,890.7999877929688,890.9000244140625,889.0,890.7000122070312
2026-06-18,14:40,890.7999877929688,892.0999755859375,890.5,892.0
2026-06-18,14:45,891.7999877929688,892.0,889.7000122070312,889.7000122070312
2026-06-18,14:50,890.0,890.0,887.2000122070312,888.7999877929688
2026-06-18,14:55,888.5,889.0999755859375,887.4000244140625,888.9000244140625
2026-06-18,15:00,888.7999877929688,890.0999755859375,887.2000122070312,889.5
2026-06-18,15:05,889.5999755859375,889.5999755859375,886.0,886.2000122070312
2026-06-18,15:10,886.0,889.7000122070312,885.7999877929688,889.7000122070312
2026-06-18,15:15,889.4000244140625,891.4000244140625,889.0,890.2999877929688
2026-06-18,15:20,890.5,890.5,888.0,888.2999877929688
2026-06-19,09:05,910.5,910.7000122070312,902.0,904.4000244140625
2026-06-19,09:10,904.2999877929688,906.2000122070312,897.2999877929688,899.5999755859375
2026-06-19,09:15,899.9000244140625,903.2999877929688,896.5,897.9000244140625
2026-06-19,09:20,897.9000244140625,897.9000244140625,892.0999755859375,894.2999877929688
2026-06-19,09:25,894.0,897.4000244140625,891.7999877929688,897.0999755859375
2026-06-19,09:30,897.2999877929688,901.0,896.0999755859375,899.5999755859375
2026-06-19,09:35,898.7999877929688,902.9000244140625,898.5,901.2000122070312
2026-06-19,09:40,900.5,900.7999877929688,896.9000244140625,897.5
2026-06-19,09:45,897.9000244140625,901.5999755859375,896.2999877929688,900.7999877929688
2026-06-19,09:50,900.0,902.9000244140625,899.2999877929688,902.9000244140625
2026-06-19,09:55,902.5,902.7999877929688,899.2999877929688,900.5
2026-06-19,10:00,901.0,903.9000244140625,898.4000244140625,902.4000244140625
2026-06-19,10:05,902.0999755859375,902.2000122070312,898.7000122070312,898.7000122070312
2026-06-19,10:10,898.5999755859375,901.5999755859375,898.5,901.0
2026-06-19,10:15,900.4000244140625,902.2999877929688,899.4000244140625,902.0
2026-06-19,10:20,902.2000122070312,902.4000244140625,899.4000244140625,900.5
2026-06-19,10:25,900.0,901.4000244140625,899.0,899.5
2026-06-19,10:30,899.2999877929688,901.0999755859375,897.2000122070312,900.9000244140625
2026-06-19,10:35,901.2000122070312,902.2000122070312,899.2000122070312,899.2000122070312
2026-06-19,10:40,899.5,900.0,896.7000122070312,898.2999877929688
2026-06-19,10:45,898.5,898.5,894.9000244140625,896.5999755859375
2026-06-19,10:50,896.7000122070312,897.4000244140625,893.0,893.5999755859375
2026-06-19,10:55,894.5999755859375,894.7999877929688,892.4000244140625,893.0999755859375
2026-06-19,11:00,893.4000244140625,894.7999877929688,891.4000244140625,893.4000244140625
2026-06-19,11:05,894.0,894.0999755859375,891.2000122070312,892.5
2026-06-19,11:10,892.4000244140625,894.4000244140625,891.2000122070312,893.2000122070312
2026-06-19,11:15,892.9000244140625,894.2999877929688,891.4000244140625,892.0
2026-06-19,11:20,891.7999877929688,896.2999877929688,891.5,896.0999755859375
2026-06-19,11:25,896.4000244140625,896.5,894.9000244140625,896.2999877929688
2026-06-19,11:30,896.0999755859375,896.0999755859375,896.0999755859375,896.0999755859375
2026-06-19,12:30,890.7999877929688,891.9000244140625,886.5,886.5
2026-06-19,12:35,886.5999755859375,890.4000244140625,885.2000122070312,890.4000244140625
2026-06-19,12:40,890.2999877929688,892.2999877929688,888.0999755859375,889.0999755859375
2026-06-19,12:45,890.0,890.2999877929688,887.7000122070312,887.7000122070312
2026-06-19,12:50,887.5,890.0999755859375,886.7999877929688,890.0999755859375
2026-06-19,12:55,889.7999877929688,890.4000244140625,887.2000122070312,888.5
2026-06-19,13:00,888.7000122070312,889.2999877929688,884.5,885.9000244140625
2026-06-19,13:05,886.0,888.5999755859375,885.0999755859375,888.2000122070312
2026-06-19,13:10,888.5999755859375,890.5999755859375,888.0,890.5999755859375
2026-06-19,13:15,890.5999755859375,891.0,887.0999755859375,887.2000122070312
2026-06-19,13:20,887.2999877929688,888.5999755859375,885.9000244140625,887.5
2026-06-19,13:25,887.5999755859375,887.9000244140625,885.5,886.5
2026-06-19,13:30,886.5999755859375,887.0999755859375,884.0999755859375,884.2999877929688
2026-06-19,13:35,884.4000244140625,884.4000244140625,882.2999877929688,882.5
2026-06-19,13:40,882.5,882.5999755859375,880.4000244140625,880.5
2026-06-19,13:45,880.5,881.0,877.2999877929688,880.5999755859375
2026-06-19,13:50,880.5,881.5999755859375,877.4000244140625,878.0
2026-06-19,13:55,878.2999877929688,879.9000244140625,877.0,879.9000244140625
2026-06-19,14:00,880.0,882.2000122070312,880.0,880.2000122070312
2026-06-19,14:05,880.0,882.2999877929688,879.2000122070312,880.9000244140625
2026-06-19,14:10,881.0999755859375,882.5,880.0,882.4000244140625
2026-06-19,14:15,882.5,884.2000122070312,882.2000122070312,883.0
2026-06-19,14:20,882.5999755859375,883.0,879.9000244140625,881.0999755859375
2026-06-19,14:25,881.4000244140625,882.2999877929688,880.9000244140625,882.2999877929688
2026-06-19,14:30,882.4000244140625,883.5999755859375,881.0,881.0
2026-06-19,14:35,881.0,882.0,878.7999877929688,880.7000122070312
2026-06-19,14:40,880.5,881.0999755859375,879.5,880.5999755859375
2026-06-19,14:45,880.7999877929688,882.0999755859375,880.2000122070312,882.0
2026-06-19,14:50,881.7000122070312,882.5999755859375,881.0,882.5999755859375
2026-06-19,14:55,882.7999877929688,885.0,881.9000244140625,885.0
2026-06-19,15:00,885.0,887.9000244140625,884.2000122070312,887.0999755859375
2026-06-19,15:05,887.0,889.9000244140625,886.7999877929688,889.7000122070312
2026-06-19,15:10,889.9000244140625,891.0999755859375,888.2000122070312,890.4000244140625
2026-06-19,15:15,890.5,890.5999755859375,889.4000244140625,889.4000244140625
2026-06-19,15:20,889.0,890.0999755859375,888.5,889.4000244140625
2026-06-22,09:00,890.5999755859375,907.7000122070312,890.0999755859375,907.5
2026-06-22,09:05,907.0,911.4000244140625,904.4000244140625,907.2000122070312
2026-06-22,09:10,906.9000244140625,908.0999755859375,901.0999755859375,904.2000122070312
2026-06-22,09:15,904.5999755859375,906.5999755859375,902.5,904.7999877929688
2026-06-22,09:20,904.2999877929688,906.0,901.4000244140625,903.0999755859375
2026-06-22,09:25,902.9000244140625,908.4000244140625,900.5999755859375,907.0
2026-06-22,09:30,907.2999877929688,911.2000122070312,904.5,911.0
2026-06-22,09:35,911.0,918.9000244140625,911.0,918.0
2026-06-22,09:40,917.5999755859375,918.9000244140625,913.7000122070312,917.0
2026-06-22,09:45,916.5999755859375,920.0999755859375,916.5999755859375,918.2000122070312
2026-06-22,09:50,918.0999755859375,919.5999755859375,917.0999755859375,919.0
2026-06-22,09:55,919.0,922.0999755859375,917.5,920.2999877929688
2026-06-22,10:00,920.5,923.2000122070312,919.7999877929688,920.5999755859375
2026-06-22,10:05,920.7000122070312,924.5,919.7999877929688,924.2000122070312
2026-06-22,10:10,924.2999877929688,928.0999755859375,924.0999755859375,927.9000244140625
2026-06-22,10:15,928.0999755859375,930.2999877929688,925.7000122070312,927.2999877929688
2026-06-22,10:20,927.5999755859375,930.5,926.2000122070312,926.5
2026-06-22,10:25,926.5,928.0,926.0,926.2000122070312
2026-06-22,10:30,926.5,926.7999877929688,922.7000122070312,925.0
2026-06-22,10:35,925.2999877929688,929.0,923.2999877929688,929.0
2026-06-22,10:40,929.0,930.9000244140625,927.5,929.2999877929688
2026-06-22,10:45,929.5,929.5,927.2000122070312,928.2999877929688
2026-06-22,10:50,928.4000244140625,930.0999755859375,927.2000122070312,928.2999877929688
2026-06-22,10:55,928.2999877929688,930.0,927.7999877929688,929.0
2026-06-22,11:00,929.0999755859375,930.7000122070312,928.2999877929688,929.5
2026-06-22,11:05,929.7999877929688,931.5,928.5999755859375,930.2999877929688
2026-06-22,11:10,930.4000244140625,931.0,928.5,928.5
2026-06-22,11:15,928.9000244140625,930.0,928.5,929.7000122070312
2026-06-22,11:20,929.4000244140625,931.9000244140625,928.5999755859375,931.5
2026-06-22,11:25,932.0,932.0,928.5,928.9000244140625
2026-06-22,11:30,928.7000122070312,928.7000122070312,928.4000244140625,928.4000244140625
2026-06-22,12:30,928.2999877929688,933.2999877929688,928.0999755859375,932.5999755859375
2026-06-22,12:35,933.0,933.7000122070312,931.4000244140625,931.4000244140625
2026-06-22,12:40,931.4000244140625,932.2000122070312,929.0,930.7999877929688
2026-06-22,12:45,930.7999877929688,932.5999755859375,930.7000122070312,931.7000122070312
2026-06-22,12:50,931.5999755859375,932.4000244140625,929.4000244140625,929.4000244140625
2026-06-22,12:55,929.2999877929688,929.7999877929688,928.0,928.7999877929688
2026-06-22,13:00,928.5,929.0999755859375,926.2999877929688,926.7999877929688
2026-06-22,13:05,926.7999877929688,929.0,926.7000122070312,929.0
2026-06-22,13:10,928.7999877929688,929.0,925.7000122070312,925.7999877929688
2026-06-22,13:15,925.7999877929688,927.7000122070312,925.0,926.0
2026-06-22,13:20,926.2000122070312,927.0,924.4000244140625,924.9000244140625
2026-06-22,13:25,924.7000122070312,925.0,922.7999877929688,922.9000244140625
2026-06-22,13:30,922.7999877929688,923.5999755859375,920.5999755859375,923.5999755859375
2026-06-22,13:35,923.5,923.7000122070312,920.5,922.4000244140625
2026-06-22,13:40,922.7000122070312,923.9000244140625,921.0999755859375,921.0999755859375
2026-06-22,13:45,922.0,926.0,921.2999877929688,925.7000122070312
2026-06-22,13:50,925.5,927.2999877929688,925.2999877929688,926.7000122070312
2026-06-22,13:55,926.7000122070312,927.5,925.9000244140625,926.5
2026-06-22,14:00,926.7000122070312,927.2000122070312,923.9000244140625,925.2999877929688
2026-06-22,14:05,925.2000122070312,928.0,925.2000122070312,927.7000122070312
2026-06-22,14:10,927.0,927.2999877929688,925.2999877929688,926.2999877929688
2026-06-22,14:15,926.2000122070312,926.5,924.4000244140625,925.0
2026-06-22,14:20,925.0,926.0,924.0,926.0
2026-06-22,14:25,926.2000122070312,926.2999877929688,925.2999877929688,925.9000244140625
2026-06-22,14:30,926.2999877929688,926.4000244140625,922.2999877929688,923.5999755859375
2026-06-22,14:35,923.4000244140625,924.9000244140625,923.2999877929688,923.2999877929688
2026-06-22,14:40,923.5,923.7999877929688,921.9000244140625,922.2000122070312
2026-06-22,14:45,922.0999755859375,922.7999877929688,921.2000122070312,922.2000122070312
2026-06-22,14:50,922.4000244140625,922.4000244140625,921.2000122070312,921.4000244140625
2026-06-22,14:55,921.2000122070312,922.2999877929688,920.7999877929688,921.4000244140625
2026-06-22,15:00,921.4000244140625,922.0999755859375,920.7000122070312,921.5999755859375
2026-06-22,15:05,922.0,924.0,921.4000244140625,923.7999877929688
2026-06-22,15:10,923.9000244140625,924.0999755859375,922.0,923.7000122070312
2026-06-22,15:15,923.5999755859375,923.5999755859375,921.0,921.4000244140625
2026-06-22,15:20,921.0,923.5,921.0,923.4000244140625
2026-06-23,09:05,926.2000122070312,926.5,919.5999755859375,921.4000244140625
2026-06-23,09:10,921.2000122070312,922.5999755859375,917.9000244140625,918.0999755859375
2026-06-23,09:15,918.2000122070312,921.7000122070312,913.9000244140625,914.5
2026-06-23,09:20,914.0999755859375,914.0999755859375,909.0999755859375,911.0
2026-06-23,09:25,910.9000244140625,911.4000244140625,904.9000244140625,904.9000244140625
2026-06-23,09:30,905.4000244140625,912.0,904.7999877929688,910.4000244140625
2026-06-23,09:35,910.2999877929688,910.7999877929688,904.7000122070312,907.9000244140625
2026-06-23,09:40,907.5999755859375,910.5999755859375,905.7999877929688,910.5999755859375
2026-06-23,09:45,910.4000244140625,915.4000244140625,909.2000122070312,915.0
2026-06-23,09:50,915.0999755859375,916.5,912.5,912.5999755859375
2026-06-23,09:55,912.5999755859375,914.5,910.0999755859375,913.0
2026-06-23,10:00,913.2999877929688,918.0999755859375,913.0999755859375,918.0
2026-06-23,10:05,917.9000244140625,918.5999755859375,914.7000122070312,917.2000122070312
2026-06-23,10:10,917.2000122070312,918.5999755859375,913.7999877929688,914.2000122070312
2026-06-23,10:15,914.0999755859375,915.0999755859375,910.7999877929688,911.5999755859375
2026-06-23,10:20,911.7999877929688,915.5999755859375,910.7000122070312,911.9000244140625
2026-06-23,10:25,912.2000122070312,915.2000122070312,912.2000122070312,914.5
2026-06-23,10:30,914.7000122070312,915.2999877929688,910.2000122070312,910.4000244140625
2026-06-23,10:35,910.5,910.5999755859375,907.0,908.0999755859375
2026-06-23,10:40,908.2999877929688,911.2999877929688,905.7000122070312,906.5
2026-06-23,10:45,906.4000244140625,906.4000244140625,901.5,901.7000122070312
2026-06-23,10:50,901.9000244140625,903.7999877929688,900.0,902.0
2026-06-23,10:55,901.7999877929688,903.7000122070312,898.7999877929688,898.9000244140625
2026-06-23,11:00,899.5999755859375,901.0999755859375,898.0999755859375,900.2000122070312
2026-06-23,11:05,900.0,900.0,895.2999877929688,896.2000122070312
2026-06-23,11:10,895.7999877929688,900.5,895.5,900.0
2026-06-23,11:15,899.7000122070312,902.7000122070312,898.0,901.0
2026-06-23,11:20,901.0999755859375,902.5,899.7000122070312,901.5
2026-06-23,11:25,901.4000244140625,903.5,900.9000244140625,902.5999755859375
2026-06-23,11:30,902.7999877929688,902.7999877929688,902.7999877929688,902.7999877929688
2026-06-23,12:30,896.0,896.0,888.5,889.2000122070312
2026-06-23,12:35,888.9000244140625,892.5999755859375,886.5999755859375,887.0
2026-06-23,12:40,887.0999755859375,890.7000122070312,886.2999877929688,890.5999755859375
2026-06-23,12:45,890.2999877929688,892.2999877929688,888.5,891.0
2026-06-23,12:50,891.0999755859375,895.4000244140625,891.0,895.0
2026-06-23,12:55,894.9000244140625,896.5,893.9000244140625,896.5
2026-06-23,13:00,896.5,899.0,895.9000244140625,898.2000122070312
2026-06-23,13:05,898.2000122070312,898.2000122070312,893.2000122070312,893.7000122070312
2026-06-23,13:10,893.9000244140625,895.4000244140625,892.2000122070312,895.4000244140625
2026-06-23,13:15,895.0,895.0,889.0,889.0999755859375
2026-06-23,13:20,889.2000122070312,890.5,888.0999755859375,888.9000244140625
2026-06-23,13:25,889.2999877929688,890.4000244140625,887.4000244140625,889.4000244140625
2026-06-23,13:30,889.2000122070312,890.0,888.2000122070312,888.5
2026-06-23,13:35,888.5,888.5,887.0,887.5999755859375
2026-06-23,13:40,887.9000244140625,888.5,886.4000244140625,887.2000122070312
2026-06-23,13:45,887.4000244140625,887.5999755859375,885.4000244140625,887.0999755859375
2026-06-23,13:50,887.0999755859375,887.0999755859375,882.0,882.0999755859375
2026-06-23,13:55,882.4000244140625,884.2000122070312,881.0,882.4000244140625
2026-06-23,14:00,883.0999755859375,885.9000244140625,882.7999877929688,885.2000122070312
2026-06-23,14:05,884.7999877929688,886.4000244140625,881.4000244140625,881.7999877929688
2026-06-23,14:10,881.5999755859375,884.2999877929688,881.4000244140625,881.5999755859375
2026-06-23,14:15,881.5,882.0,877.4000244140625,877.9000244140625
2026-06-23,14:20,877.7000122070312,879.4000244140625,875.0999755859375,876.7000122070312
2026-06-23,14:25,876.5,877.9000244140625,871.0,872.7999877929688
2026-06-23,14:30,872.5,872.7999877929688,869.5999755859375,869.5999755859375
2026-06-23,14:35,869.5999755859375,872.0,867.7000122070312,868.9000244140625
2026-06-23,14:40,869.0,872.2000122070312,867.5,871.0
2026-06-23,14:45,871.2999877929688,872.5,867.5999755859375,868.4000244140625
2026-06-23,14:50,868.2999877929688,870.9000244140625,866.5999755859375,866.9000244140625
2026-06-23,14:55,866.9000244140625,866.9000244140625,861.5,864.0
2026-06-23,15:00,864.0999755859375,867.7999877929688,862.0,866.7999877929688
2026-06-23,15:05,866.5999755859375,867.7999877929688,862.0,862.0999755859375
2026-06-23,15:10,862.5999755859375,862.5999755859375,858.9000244140625,861.4000244140625
2026-06-23,15:15,861.2000122070312,864.0,858.4000244140625,858.7999877929688
2026-06-23,15:20,858.9000244140625,859.5,856.0,857.2999877929688
2026-06-24,09:05,843.2000122070312,858.2999877929688,840.2000122070312,857.0999755859375
2026-06-24,09:10,856.9000244140625,861.9000244140625,854.7999877929688,857.5
2026-06-24,09:15,857.0,863.0,856.9000244140625,861.9000244140625
2026-06-24,09:20,861.9000244140625,863.2000122070312,853.0,853.5999755859375
2026-06-24,09:25,854.0,857.7000122070312,850.2000122070312,857.4000244140625
2026-06-24,09:30,857.2999877929688,858.4000244140625,853.5,855.5
2026-06-24,09:35,855.5999755859375,856.7000122070312,851.2000122070312,853.2999877929688
2026-06-24,09:40,852.9000244140625,853.7999877929688,848.7999877929688,851.7000122070312
2026-06-24,09:45,851.5,853.7000122070312,843.2999877929688,844.0
2026-06-24,09:50,843.9000244140625,848.9000244140625,841.7999877929688,842.0
2026-06-24,09:55,842.0999755859375,846.9000244140625,840.2000122070312,846.5
2026-06-24,10:00,847.0,847.5,839.5999755859375,839.7999877929688
2026-06-24,10:05,839.9000244140625,846.2000122070312,839.5,841.9000244140625
2026-06-24,10:10,842.0,847.7999877929688,841.0999755859375,847.2000122070312
2026-06-24,10:15,847.0,847.0999755859375,837.4000244140625,838.4000244140625
2026-06-24,10:20,838.5999755859375,845.2000122070312,836.7000122070312,845.0
2026-06-24,10:25,844.4000244140625,847.0,840.9000244140625,843.5
2026-06-24,10:30,843.7000122070312,845.9000244140625,842.5,844.5999755859375
2026-06-24,10:35,844.4000244140625,845.5,842.7999877929688,844.0999755859375
2026-06-24,10:40,843.7000122070312,848.4000244140625,843.7000122070312,844.9000244140625
2026-06-24,10:45,845.5,845.9000244140625,843.5,844.7000122070312
2026-06-24,10:50,844.0999755859375,847.7000122070312,844.0,847.2999877929688
2026-06-24,10:55,847.5999755859375,851.0,845.0999755859375,848.2999877929688
2026-06-24,11:00,848.0999755859375,853.0999755859375,847.7000122070312,850.4000244140625
2026-06-24,11:05,850.7000122070312,850.7999877929688,845.7000122070312,848.2999877929688
2026-06-24,11:10,849.0,851.4000244140625,849.0,850.7000122070312
2026-06-24,11:15,850.2000122070312,850.2000122070312,844.2000122070312,846.7999877929688
2026-06-24,11:20,847.0,847.5999755859375,840.4000244140625,842.2999877929688
2026-06-24,11:25,843.0,846.9000244140625,842.7000122070312,846.9000244140625
2026-06-24,11:30,847.0,847.0,847.0,847.0
2026-06-24,12:30,841.9000244140625,842.7999877929688,839.2000122070312,841.4000244140625
2026-06-24,12:35,841.5,843.0999755859375,836.5,836.9000244140625
2026-06-24,12:40,837.0,837.9000244140625,835.2000122070312,836.7000122070312
2026-06-24,12:45,836.5,836.5,833.2999877929688,833.2999877929688
2026-06-24,12:50,833.2000122070312,834.0999755859375,831.2999877929688,833.0
2026-06-24,12:55,833.4000244140625,837.0999755859375,831.7000122070312,836.2999877929688
2026-06-24,13:00,836.0999755859375,836.0999755859375,830.5999755859375,830.7999877929688
2026-06-24,13:05,831.0,832.0999755859375,829.7000122070312,831.9000244140625
2026-06-24,13:10,831.9000244140625,832.4000244140625,828.9000244140625,830.0
2026-06-24,13:15,830.0,831.2000122070312,825.9000244140625,826.5999755859375
2026-06-24,13:20,826.9000244140625,827.0999755859375,822.0,822.7999877929688
2026-06-24,13:25,822.5,825.2000122070312,820.5,822.9000244140625
2026-06-24,13:30,823.5,828.7999877929688,822.7000122070312,828.5999755859375
2026-06-24,13:35,828.4000244140625,833.5999755859375,827.7999877929688,832.0
2026-06-24,13:40,831.7000122070312,835.2000122070312,830.5999755859375,832.5
2026-06-24,13:45,832.7000122070312,834.7999877929688,832.0,833.7000122070312
2026-06-24,13:50,834.0,834.5999755859375,831.9000244140625,833.9000244140625
2026-06-24,13:55,833.9000244140625,837.2999877929688,833.9000244140625,836.0
2026-06-24,14:00,836.2999877929688,841.2000122070312,836.2999877929688,839.7000122070312
2026-06-24,14:05,839.5,841.5999755859375,836.9000244140625,841.5999755859375
2026-06-24,14:10,841.0,844.0,840.7999877929688,843.0
2026-06-24,14:15,842.7000122070312,846.4000244140625,842.2999877929688,846.0999755859375
2026-06-24,14:20,846.0999755859375,847.2999877929688,845.0,847.2999877929688
2026-06-24,14:25,847.4000244140625,848.7000122070312,844.0999755859375,844.5
2026-06-24,14:30,844.7999877929688,848.5999755859375,844.7999877929688,846.5
2026-06-24,14:35,846.7999877929688,850.5,846.7000122070312,850.0
2026-06-24,14:40,850.2000122070312,850.2000122070312,846.5,848.0999755859375
2026-06-24,14:45,847.5999755859375,848.2999877929688,846.4000244140625,847.7999877929688
2026-06-24,14:50,847.4000244140625,847.4000244140625,843.5999755859375,844.7000122070312
2026-06-24,14:55,844.0999755859375,844.0999755859375,841.2000122070312,842.2000122070312
2026-06-24,15:00,842.4000244140625,842.5,839.2999877929688,839.9000244140625
2026-06-24,15:05,839.7999877929688,842.5999755859375,839.5999755859375,842.0999755859375
2026-06-24,15:10,841.9000244140625,843.2999877929688,841.4000244140625,841.5
2026-06-24,15:15,841.4000244140625,841.5999755859375,838.9000244140625,840.5999755859375
2026-06-24,15:20,840.7999877929688,841.0999755859375,838.7999877929688,840.0
2026-06-25,09:05,882.4000244140625,885.4000244140625,877.5999755859375,880.0
2026-06-25,09:10,880.0999755859375,886.7999877929688,879.2999877929688,885.4000244140625
2026-06-25,09:15,885.7000122070312,887.5,882.2000122070312,884.0
2026-06-25,09:20,883.5999755859375,886.5,879.7999877929688,880.0
2026-06-25,09:25,879.7999877929688,879.7999877929688,874.5,877.2000122070312
2026-06-25,09:30,877.5,880.7000122070312,873.9000244140625,876.5
2026-06-25,09:35,876.4000244140625,881.7999877929688,874.2000122070312,879.7000122070312
2026-06-25,09:40,879.9000244140625,880.5,873.7999877929688,875.5999755859375
2026-06-25,09:45,875.4000244140625,877.5,874.0,876.9000244140625
2026-06-25,09:50,876.9000244140625,884.7999877929688,876.9000244140625,884.4000244140625
2026-06-25,09:55,884.9000244140625,885.2999877929688,882.0999755859375,883.2000122070312
2026-06-25,10:00,883.4000244140625,887.0999755859375,882.9000244140625,883.9000244140625
2026-06-25,10:05,884.2999877929688,886.0,881.7000122070312,883.2999877929688
2026-06-25,10:10,883.4000244140625,885.5999755859375,882.0,884.7000122070312
2026-06-25,10:15,885.0,888.2000122070312,884.2999877929688,888.2000122070312
2026-06-25,10:20,888.0,889.2999877929688,886.7999877929688,888.2999877929688
2026-06-25,10:25,888.2999877929688,889.4000244140625,887.0,888.4000244140625
2026-06-25,10:30,888.5,892.0999755859375,887.4000244140625,891.5
2026-06-25,10:35,891.2999877929688,896.7000122070312,891.2999877929688,894.5999755859375
2026-06-25,10:40,894.5999755859375,896.0999755859375,892.2000122070312,894.2000122070312
2026-06-25,10:45,894.2000122070312,897.0999755859375,893.7999877929688,897.0999755859375
2026-06-25,10:50,897.0,899.2000122070312,895.9000244140625,898.0
2026-06-25,10:55,897.9000244140625,900.5999755859375,897.7999877929688,900.0
2026-06-25,11:00,899.7000122070312,901.7000122070312,899.4000244140625,901.5999755859375
2026-06-25,11:05,901.5,902.5999755859375,900.0,901.0
2026-06-25,11:10,900.7000122070312,900.7000122070312,894.7000122070312,895.2000122070312
2026-06-25,11:15,895.5,899.7000122070312,893.7999877929688,899.2999877929688
2026-06-25,11:20,899.7000122070312,903.7000122070312,899.7000122070312,901.0
2026-06-25,11:25,900.5999755859375,903.4000244140625,900.5,902.7000122070312
2026-06-25,11:30,902.7000122070312,902.7000122070312,902.7000122070312,902.7000122070312
2026-06-25,12:30,904.0999755859375,907.2000122070312,904.0999755859375,906.0
2026-06-25,12:35,905.5999755859375,905.9000244140625,903.7999877929688,905.7000122070312
2026-06-25,12:40,905.4000244140625,906.4000244140625,904.0999755859375,904.2999877929688
2026-06-25,12:45,904.7999877929688,905.9000244140625,903.7000122070312,905.4000244140625
2026-06-25,12:50,905.4000244140625,907.5,904.7999877929688,907.2999877929688
2026-06-25,12:55,907.5,907.7999877929688,906.4000244140625,906.9000244140625
2026-06-25,13:00,907.0,908.5,906.7999877929688,907.2000122070312
2026-06-25,13:05,907.4000244140625,907.5999755859375,905.4000244140625,906.9000244140625
2026-06-25,13:10,907.0,907.5,904.0,904.0
2026-06-25,13:15,904.0999755859375,905.0,902.4000244140625,903.4000244140625
2026-06-25,13:20,903.7000122070312,907.0,903.7000122070312,906.2999877929688
2026-06-25,13:25,906.0,906.0,904.0,904.0
2026-06-25,13:30,904.0,904.0999755859375,901.2000122070312,903.2000122070312
2026-06-25,13:35,903.2999877929688,904.2000122070312,901.5999755859375,904.0
2026-06-25,13:40,903.7999877929688,905.9000244140625,903.0999755859375,905.7000122070312
2026-06-25,13:45,905.5,907.7000122070312,905.2999877929688,907.5
2026-06-25,13:50,907.5999755859375,909.0999755859375,907.4000244140625,908.7000122070312
2026-06-25,13:55,908.5999755859375,908.9000244140625,907.0,907.5
2026-06-25,14:00,907.9000244140625,911.4000244140625,907.9000244140625,910.9000244140625
2026-06-25,14:05,910.7999877929688,911.9000244140625,910.7000122070312,911.5
2026-06-25,14:10,911.5,912.2999877929688,911.0,912.0
2026-06-25,14:15,912.0,913.5,910.7999877929688,910.7999877929688
2026-06-25,14:20,911.0999755859375,911.9000244140625,910.0999755859375,911.5
2026-06-25,14:25,911.5999755859375,912.0,910.5,910.9000244140625
2026-06-25,14:30,911.2000122070312,913.4000244140625,910.9000244140625,913.0
2026-06-25,14:35,913.2999877929688,913.7999877929688,912.0,913.4000244140625
2026-06-25,14:40,913.5999755859375,916.4000244140625,913.2999877929688,915.7999877929688
2026-06-25,14:45,915.7000122070312,916.2999877929688,914.2999877929688,916.0
2026-06-25,14:50,915.9000244140625,916.0,914.4000244140625,914.7999877929688
2026-06-25,14:55,914.9000244140625,915.4000244140625,913.0,915.0
2026-06-25,15:00,915.0,916.5,915.0,915.4000244140625
2026-06-25,15:05,915.2000122070312,918.2999877929688,914.5999755859375,918.0999755859375
2026-06-25,15:10,918.0,919.9000244140625,918.0,919.0
2026-06-25,15:15,919.0,920.4000244140625,918.0,920.0999755859375
2026-06-25,15:20,920.0999755859375,920.2000122070312,918.4000244140625,918.7000122070312
2026-06-26,09:05,886.0999755859375,888.2000122070312,879.5,884.0
2026-06-26,09:10,883.7000122070312,884.2000122070312,874.2000122070312,874.9000244140625
2026-06-26,09:15,875.0,876.5,867.7000122070312,867.7000122070312
2026-06-26,09:20,867.7000122070312,870.7999877929688,863.2999877929688,863.5
2026-06-26,09:25,863.2000122070312,866.7000122070312,856.7000122070312,866.2000122070312
2026-06-26,09:30,866.0999755859375,870.0999755859375,862.5,864.7000122070312
2026-06-26,09:35,864.9000244140625,868.7999877929688,861.9000244140625,868.7999877929688
2026-06-26,09:40,868.7999877929688,871.2000122070312,864.0999755859375,864.7000122070312
2026-06-26,09:45,865.0999755859375,867.7000122070312,864.2000122070312,864.5999755859375
2026-06-26,09:50,864.5,866.0999755859375,860.2000122070312,860.7999877929688
2026-06-26,09:55,860.7999877929688,863.7999877929688,859.5999755859375,861.2000122070312
2026-06-26,10:00,861.5,865.9000244140625,861.0999755859375,862.5
2026-06-26,10:05,862.4000244140625,863.0,858.2999877929688,861.5999755859375
2026-06-26,10:10,862.2000122070312,867.7000122070312,861.7999877929688,865.7000122070312
2026-06-26,10:15,865.5999755859375,870.2999877929688,864.9000244140625,868.9000244140625
2026-06-26,10:20,868.7000122070312,869.5,864.7999877929688,866.0
2026-06-26,10:25,866.2000122070312,866.5999755859375,862.2000122070312,862.7000122070312
2026-06-26,10:30,862.2000122070312,863.0999755859375,853.2999877929688,855.2999877929688
2026-06-26,10:35,855.0999755859375,857.7999877929688,854.0999755859375,857.2999877929688
2026-06-26,10:40,857.2999877929688,858.4000244140625,854.5,854.5999755859375
2026-06-26,10:45,854.5,857.9000244140625,852.5,856.5999755859375
2026-06-26,10:50,857.2000122070312,858.9000244140625,853.5,853.7999877929688
2026-06-26,10:55,853.5999755859375,854.7999877929688,849.5,853.2000122070312
2026-06-26,11:00,853.9000244140625,854.9000244140625,851.5,851.7000122070312
2026-06-26,11:05,851.7999877929688,853.2999877929688,849.2000122070312,849.2000122070312
2026-06-26,11:10,850.0,850.5,846.5,847.7000122070312
2026-06-26,11:15,848.4000244140625,850.2999877929688,845.5,845.9000244140625
2026-06-26,11:20,845.7999877929688,847.7000122070312,843.7999877929688,844.0
2026-06-26,11:25,844.0,846.2999877929688,842.5999755859375,845.9000244140625
2026-06-26,11:30,845.5999755859375,845.5999755859375,845.5999755859375,845.5999755859375
2026-06-26,12:30,835.0,835.0,826.2999877929688,826.2999877929688
2026-06-26,12:35,826.4000244140625,827.0999755859375,821.2999877929688,825.0
2026-06-26,12:40,825.0,829.9000244140625,823.0999755859375,829.5
2026-06-26,12:45,829.2999877929688,830.5999755859375,825.0,826.5999755859375
2026-06-26,12:50,826.7999877929688,833.2000122070312,826.2000122070312,833.0
2026-06-26,12:55,832.2999877929688,836.4000244140625,831.5,835.5
2026-06-26,13:00,836.0,837.2999877929688,833.5,834.9000244140625
2026-06-26,13:05,834.5999755859375,840.0,834.5,838.7999877929688
2026-06-26,13:10,838.5999755859375,841.0999755859375,837.0,838.7000122070312
2026-06-26,13:15,838.7000122070312,843.0,838.2000122070312,838.7000122070312
2026-06-26,13:20,838.7999877929688,839.5999755859375,833.4000244140625,833.4000244140625
2026-06-26,13:25,833.5999755859375,838.0999755859375,832.4000244140625,837.9000244140625
2026-06-26,13:30,837.5999755859375,839.2000122070312,831.7999877929688,832.2000122070312
2026-06-26,13:35,832.0,833.0999755859375,828.5999755859375,828.7000122070312
2026-06-26,13:40,828.7999877929688,831.2999877929688,828.2000122070312,829.5
2026-06-26,13:45,829.5999755859375,829.7000122070312,826.0999755859375,826.7000122070312
2026-06-26,13:50,826.4000244140625,826.7999877929688,823.0,826.0
2026-06-26,13:55,826.0,827.7999877929688,825.0,827.5
2026-06-26,14:00,827.5,829.4000244140625,825.5999755859375,826.7999877929688
2026-06-26,14:05,826.7000122070312,830.0,825.9000244140625,829.2999877929688
2026-06-26,14:10,829.2999877929688,834.0999755859375,829.2000122070312,834.0
2026-06-26,14:15,834.0999755859375,835.7000122070312,831.9000244140625,833.2999877929688
2026-06-26,14:20,833.5999755859375,834.7000122070312,832.5,834.5999755859375
2026-06-26,14:25,834.2999877929688,837.5,834.0,836.0
2026-06-26,14:30,836.0999755859375,839.4000244140625,836.0999755859375,837.7999877929688
2026-06-26,14:35,837.7000122070312,838.5999755859375,833.5,834.0999755859375
2026-06-26,14:40,834.0999755859375,835.0999755859375,831.0999755859375,831.0999755859375
2026-06-26,14:45,831.2000122070312,832.0,828.4000244140625,830.7999877929688
2026-06-26,14:50,830.9000244140625,834.4000244140625,830.9000244140625,834.0
2026-06-26,14:55,833.9000244140625,834.5,831.5999755859375,832.7000122070312
2026-06-26,15:00,832.5999755859375,834.5,832.0,832.7999877929688
2026-06-26,15:05,832.0999755859375,833.4000244140625,831.0,831.2000122070312
2026-06-26,15:10,831.0999755859375,834.2000122070312,830.7000122070312,833.7000122070312
2026-06-26,15:15,834.0,836.4000244140625,832.7000122070312,832.7000122070312
2026-06-26,15:20,832.7000122070312,836.0999755859375,832.7000122070312,833.7999877929688
2026-06-29,09:00,847.0,849.2999877929688,834.7999877929688,838.7000122070312
2026-06-29,09:05,838.7000122070312,842.0,833.5999755859375,837.7000122070312
2026-06-29,09:10,838.0999755859375,846.0,836.0999755859375,840.4000244140625
2026-06-29,09:15,840.2000122070312,841.5,833.2999877929688,838.7999877929688
2026-06-29,09:20,838.2000122070312,838.7999877929688,828.0,829.7999877929688
2026-06-29,09:25,829.7999877929688,830.4000244140625,821.5,821.5
2026-06-29,09:30,821.7000122070312,823.5999755859375,814.2000122070312,814.2000122070312
2026-06-29,09:35,814.0,815.4000244140625,808.2999877929688,811.5
2026-06-29,09:40,811.0999755859375,832.0,810.7999877929688,825.4000244140625
2026-06-29,09:45,824.9000244140625,842.0,822.7999877929688,828.0
2026-06-29,09:50,827.4000244140625,831.5999755859375,825.5999755859375,830.5999755859375
2026-06-29,09:55,830.4000244140625,835.0,829.5,834.0999755859375
2026-06-29,10:00,834.0999755859375,836.2000122070312,828.2999877929688,829.2999877929688
2026-06-29,10:05,829.4000244140625,832.0,827.5,829.0999755859375
2026-06-29,10:10,829.0,830.5999755859375,825.0,828.0
2026-06-29,10:15,827.7999877929688,829.7000122070312,822.4000244140625,825.2000122070312
2026-06-29,10:20,825.0,829.2999877929688,823.5,825.7999877929688
2026-06-29,10:25,825.9000244140625,828.0,822.5,822.9000244140625
2026-06-29,10:30,822.5999755859375,826.5,820.5999755859375,825.5
2026-06-29,10:35,825.5,836.0,825.4000244140625,835.7999877929688
2026-06-29,10:40,835.7999877929688,838.0,834.2000122070312,835.0
2026-06-29,10:45,834.7000122070312,834.7000122070312,829.9000244140625,833.0
2026-06-29,10:50,833.0,834.2999877929688,831.0,832.5999755859375
2026-06-29,10:55,832.5999755859375,836.0999755859375,831.7000122070312,833.0999755859375
2026-06-29,11:00,833.2000122070312,833.2999877929688,829.2999877929688,830.5
2026-06-29,11:05,830.0,831.4000244140625,827.0999755859375,828.5
2026-06-29,11:10,828.2000122070312,829.0999755859375,822.0,822.7000122070312
2026-06-29,11:15,822.7000122070312,828.0,820.9000244140625,826.7000122070312
2026-06-29,11:20,826.7999877929688,829.9000244140625,826.7000122070312,828.2000122070312
2026-06-29,11:25,827.9000244140625,830.7999877929688,826.2000122070312,830.0
2026-06-29,11:30,829.0,829.0,829.0,829.0
2026-06-29,12:30,830.7999877929688,832.4000244140625,826.5,827.5999755859375
2026-06-29,12:35,827.5999755859375,828.2000122070312,825.0,826.5
2026-06-29,12:40,826.0,828.5999755859375,825.0,825.5999755859375
2026-06-29,12:45,825.5999755859375,830.0,825.2999877929688,829.2000122070312
2026-06-29,12:50,828.9000244140625,835.0,828.9000244140625,832.5999755859375
2026-06-29,12:55,832.2000122070312,836.5,831.7999877929688,836.2999877929688
2026-06-29,13:00,835.9000244140625,836.5,832.5,834.7000122070312
2026-06-29,13:05,834.4000244140625,835.4000244140625,830.2999877929688,833.9000244140625
2026-06-29,13:10,833.5999755859375,835.0,829.9000244140625,830.4000244140625
2026-06-29,13:15,830.4000244140625,831.2000122070312,829.0,830.0
2026-06-29,13:20,829.5999755859375,831.5999755859375,827.0999755859375,829.9000244140625
2026-06-29,13:25,829.9000244140625,832.5,828.0999755859375,828.2000122070312
2026-06-29,13:30,828.2999877929688,829.5999755859375,826.2999877929688,827.0999755859375
2026-06-29,13:35,826.9000244140625,829.0,825.9000244140625,826.4000244140625
2026-06-29,13:40,826.2999877929688,827.2000122070312,825.0,827.0
2026-06-29,13:45,827.0999755859375,829.4000244140625,825.0,829.2000122070312
2026-06-29,13:50,829.0999755859375,829.7000122070312,827.5999755859375,828.4000244140625
2026-06-29,13:55,828.0999755859375,828.0999755859375,825.0,825.7000122070312
2026-06-29,14:00,825.9000244140625,826.5999755859375,824.0,825.2000122070312
2026-06-29,14:05,825.5,828.5,824.7000122070312,827.0
2026-06-29,14:10,827.0999755859375,828.5,825.5,828.4000244140625
2026-06-29,14:15,828.2999877929688,829.7000122070312,826.0,826.5
2026-06-29,14:20,826.5999755859375,829.5999755859375,826.5999755859375,829.0999755859375
2026-06-29,14:25,828.9000244140625,830.5,827.7000122070312,828.5
2026-06-29,14:30,828.5,832.0999755859375,827.2999877929688,832.0999755859375
2026-06-29,14:35,832.0999755859375,832.7000122070312,828.7999877929688,831.0
2026-06-29,14:40,831.2000122070312,836.7000122070312,830.7000122070312,836.2000122070312
2026-06-29,14:45,836.0999755859375,836.7000122070312,833.2999877929688,835.2999877929688
2026-06-29,14:50,835.0,839.2999877929688,834.5999755859375,839.2999877929688
2026-06-29,14:55,839.4000244140625,841.0,838.5999755859375,840.4000244140625
2026-06-29,15:00,840.4000244140625,841.5,836.0,838.7999877929688
2026-06-29,15:05,838.7999877929688,838.7999877929688,835.7000122070312,837.5
2026-06-29,15:10,837.5,840.0,836.5,838.0999755859375
2026-06-29,15:15,838.7000122070312,840.0,838.0,839.2999877929688
2026-06-29,15:20,839.2999877929688,843.5999755859375,839.2999877929688,842.0
2026-06-30,09:05,864.2000122070312,869.4000244140625,862.5999755859375,865.9000244140625
2026-06-30,09:10,865.7000122070312,869.9000244140625,863.2999877929688,868.0
2026-06-30,09:15,868.0,870.2000122070312,865.5,865.9000244140625
2026-06-30,09:20,866.2000122070312,867.0,858.0,860.5
2026-06-30,09:25,860.5999755859375,861.4000244140625,849.2000122070312,851.0999755859375
2026-06-30,09:30,850.9000244140625,853.2999877929688,845.2999877929688,848.5
2026-06-30,09:35,848.7999877929688,850.9000244140625,843.0999755859375,845.7000122070312
2026-06-30,09:40,845.7000122070312,847.0,840.0999755859375,840.2999877929688
2026-06-30,09:45,840.0999755859375,843.7999877929688,839.0999755859375,843.5
2026-06-30,09:50,843.4000244140625,849.5,842.2000122070312,849.5
2026-06-30,09:55,849.5999755859375,850.5999755859375,846.7000122070312,849.9000244140625
2026-06-30,10:00,849.7999877929688,850.5999755859375,843.4000244140625,845.7999877929688
2026-06-30,10:05,846.0,846.9000244140625,843.7000122070312,845.2999877929688
2026-06-30,10:10,845.5999755859375,846.0999755859375,843.7000122070312,846.0999755859375
2026-06-30,10:15,845.7999877929688,853.0,845.0999755859375,852.5
2026-06-30,10:20,853.0,855.5999755859375,850.9000244140625,854.5999755859375
2026-06-30,10:25,854.5,859.5,854.0999755859375,859.5
2026-06-30,10:30,859.5,862.0,857.2000122070312,858.0
2026-06-30,10:35,858.0999755859375,858.4000244140625,850.7000122070312,851.4000244140625
2026-06-30,10:40,851.7999877929688,855.5999755859375,851.0,853.2999877929688
2026-06-30,10:45,853.4000244140625,853.4000244140625,846.9000244140625,850.0
2026-06-30,10:50,850.0,854.5999755859375,848.5,853.5999755859375
2026-06-30,10:55,853.4000244140625,855.5999755859375,853.0,855.0999755859375
2026-06-30,11:00,855.5,855.7000122070312,852.4000244140625,854.5999755859375
2026-06-30,11:05,854.9000244140625,855.7999877929688,853.0999755859375,853.4000244140625
2026-06-30,11:10,853.2000122070312,853.7000122070312,850.9000244140625,852.2000122070312
2026-06-30,11:15,852.2000122070312,853.2000122070312,850.0999755859375,852.0
2026-06-30,11:20,852.0,857.5999755859375,852.0,857.4000244140625
2026-06-30,11:25,857.5,858.5999755859375,856.0999755859375,857.7000122070312
2026-06-30,11:30,857.5999755859375,857.7000122070312,857.5999755859375,857.7000122070312
2026-06-30,12:30,859.2000122070312,864.2000122070312,859.2000122070312,864.0
2026-06-30,12:35,863.7999877929688,866.5999755859375,862.4000244140625,866.0
2026-06-30,12:40,866.0,867.2000122070312,863.9000244140625,864.0999755859375
2026-06-30,12:45,864.0999755859375,864.5,861.7999877929688,863.2000122070312
2026-06-30,12:50,863.2999877929688,865.2000122070312,862.5,862.5999755859375
2026-06-30,12:55,862.5,862.7999877929688,860.5999755859375,861.9000244140625
2026-06-30,13:00,861.5999755859375,866.0999755859375,861.5999755859375,866.0999755859375
2026-06-30,13:05,866.2999877929688,866.5,864.0999755859375,864.5999755859375
2026-06-30,13:10,864.7000122070312,866.2999877929688,863.7000122070312,866.2999877929688
2026-06-30,13:15,866.2999877929688,867.7000122070312,865.9000244140625,867.5
2026-06-30,13:20,867.5999755859375,869.0999755859375,867.2000122070312,867.4000244140625
2026-06-30,13:25,867.5,870.5,867.5,870.2000122070312
2026-06-30,13:30,870.5999755859375,871.2999877929688,869.0,869.2999877929688
2026-06-30,13:35,869.2000122070312,870.7000122070312,869.2000122070312,870.7000122070312
2026-06-30,13:40,870.0999755859375,871.5999755859375,869.7999877929688,871.5
2026-06-30,13:45,871.2999877929688,871.4000244140625,868.4000244140625,869.0
2026-06-30,13:50,869.0999755859375,869.2000122070312,867.2999877929688,868.0999755859375
2026-06-30,13:55,867.7999877929688,869.5999755859375,867.7000122070312,868.7000122070312
2026-06-30,14:00,868.7000122070312,870.2999877929688,868.0,870.0
2026-06-30,14:05,870.0999755859375,871.0,869.5999755859375,869.7000122070312
2026-06-30,14:10,869.5999755859375,871.0999755859375,868.7000122070312,871.0
2026-06-30,14:15,871.0,871.2999877929688,870.0,870.0
2026-06-30,14:20,870.2000122070312,871.5,870.0,871.5
2026-06-30,14:25,871.2999877929688,871.5,867.0999755859375,867.0999755859375
2026-06-30,14:30,867.0,869.0,866.0,867.2000122070312
2026-06-30,14:35,867.2000122070312,867.7000122070312,864.4000244140625,867.4000244140625
2026-06-30,14:40,867.0,870.0,866.9000244140625,867.2999877929688
2026-06-30,14:45,867.5,869.0,867.5,868.4000244140625
2026-06-30,14:50,868.5,868.5,867.0999755859375,867.0999755859375
2026-06-30,14:55,867.0999755859375,867.4000244140625,864.4000244140625,864.7999877929688
2026-06-30,15:00,865.0,865.5999755859375,863.7999877929688,864.5999755859375
2026-06-30,15:05,864.2999877929688,864.2999877929688,861.5,863.0999755859375
2026-06-30,15:10,863.2999877929688,864.5999755859375,862.0,862.2999877929688
2026-06-30,15:15,862.2999877929688,862.2999877929688,859.2000122070312,859.4000244140625
2026-06-30,15:20,859.2000122070312,861.4000244140625,859.0,860.2999877929688
2026-07-01,09:05,891.4000244140625,899.4000244140625,891.4000244140625,898.2999877929688
2026-07-01,09:10,898.7999877929688,899.0,892.7999877929688,893.2999877929688
2026-07-01,09:15,893.5999755859375,897.4000244140625,891.7999877929688,894.7000122070312
2026-07-01,09:20,895.0999755859375,897.2000122070312,891.2999877929688,893.0999755859375
2026-07-01,09:25,892.7000122070312,897.7000122070312,892.4000244140625,897.0
2026-07-01,09:30,897.2000122070312,900.0,894.4000244140625,899.2000122070312
2026-07-01,09:35,899.0999755859375,900.7999877929688,897.2999877929688,899.5999755859375
2026-07-01,09:40,899.5,903.5,899.5,903.0
2026-07-01,09:45,903.0,903.4000244140625,899.0,900.2000122070312
2026-07-01,09:50,900.0999755859375,901.2000122070312,894.4000244140625,894.4000244140625
2026-07-01,09:55,894.5,897.9000244140625,892.7000122070312,892.7000122070312
2026-07-01,10:00,893.0,896.7000122070312,888.5999755859375,888.7999877929688
2026-07-01,10:05,888.7999877929688,891.0,884.5999755859375,884.9000244140625
2026-07-01,10:10,885.0999755859375,885.5,878.5999755859375,880.5999755859375
2026-07-01,10:15,881.0,881.9000244140625,873.7000122070312,876.7000122070312
2026-07-01,10:20,876.7000122070312,877.5,870.0,871.5
2026-07-01,10:25,871.0999755859375,873.5,868.2999877929688,871.2000122070312
2026-07-01,10:30,871.0,874.5999755859375,867.5999755859375,869.0
2026-07-01,10:35,869.4000244140625,871.4000244140625,866.5,870.0999755859375
2026-07-01,10:40,870.0,870.7000122070312,866.5,868.5
2026-07-01,10:45,868.2000122070312,869.0,864.2000122070312,865.5
2026-07-01,10:50,865.5999755859375,868.5999755859375,864.7999877929688,867.7999877929688
2026-07-01,10:55,868.0,871.5999755859375,866.0,866.5
2026-07-01,11:00,866.9000244140625,867.2999877929688,862.0,862.0
2026-07-01,11:05,862.0,862.0999755859375,858.7000122070312,860.0
2026-07-01,11:10,860.0,862.2000122070312,859.2000122070312,862.0999755859375
2026-07-01,11:15,862.2999877929688,864.4000244140625,860.2000122070312,862.7000122070312
2026-07-01,11:20,862.5999755859375,864.2000122070312,861.7000122070312,862.5
2026-07-01,11:25,863.0,864.0999755859375,861.0999755859375,861.9000244140625
2026-07-01,11:30,861.9000244140625,861.9000244140625,861.9000244140625,861.9000244140625
2026-07-01,12:30,861.4000244140625,866.0,860.7000122070312,864.7000122070312
2026-07-01,12:35,864.4000244140625,870.9000244140625,864.4000244140625,870.4000244140625
2026-07-01,12:40,870.0999755859375,870.9000244140625,865.9000244140625,867.0
2026-07-01,12:45,867.0,871.0999755859375,866.0,871.0999755859375
2026-07-01,12:50,871.2000122070312,872.4000244140625,870.4000244140625,871.7999877929688
2026-07-01,12:55,871.7000122070312,871.7000122070312,870.0,871.0
2026-07-01,13:00,870.9000244140625,870.9000244140625,865.5,867.7000122070312
2026-07-01,13:05,867.5999755859375,869.2000122070312,865.7000122070312,866.2999877929688
2026-07-01,13:10,866.0999755859375,867.2999877929688,864.7999877929688,865.4000244140625
2026-07-01,13:15,865.5999755859375,867.5999755859375,865.5,867.0
2026-07-01,13:20,867.0999755859375,868.5999755859375,865.9000244140625,866.2999877929688
2026-07-01,13:25,866.2999877929688,871.0999755859375,866.2999877929688,871.0999755859375
2026-07-01,13:30,871.2000122070312,871.5,868.5,868.9000244140625
2026-07-01,13:35,868.9000244140625,868.9000244140625,866.9000244140625,867.5
2026-07-01,13:40,867.5999755859375,870.0,866.9000244140625,868.9000244140625
2026-07-01,13:45,869.2000122070312,872.7000122070312,869.0999755859375,871.5
2026-07-01,13:50,871.2000122070312,873.7000122070312,870.7000122070312,873.7000122070312
2026-07-01,13:55,873.7000122070312,873.9000244140625,869.7999877929688,870.2000122070312
2026-07-01,14:00,870.5999755859375,871.0999755859375,867.7999877929688,869.5999755859375
2026-07-01,14:05,869.5999755859375,873.5,869.5,872.5999755859375
2026-07-01,14:10,872.5,872.5,870.7000122070312,870.9000244140625
2026-07-01,14:15,871.0,872.5999755859375,870.4000244140625,872.0
2026-07-01,14:20,872.0999755859375,872.0999755859375,870.2000122070312,871.7000122070312
2026-07-01,14:25,871.2999877929688,872.2000122070312,870.7999877929688,871.0
2026-07-01,14:30,870.7000122070312,873.7999877929688,870.0999755859375,872.7999877929688
2026-07-01,14:35,873.4000244140625,874.0999755859375,871.0,872.5
2026-07-01,14:40,872.5,873.4000244140625,871.2000122070312,871.5
2026-07-01,14:45,871.9000244140625,873.0999755859375,871.0999755859375,872.4000244140625
2026-07-01,14:50,872.2000122070312,873.9000244140625,871.2999877929688,872.0
2026-07-01,14:55,871.7000122070312,872.5999755859375,870.7999877929688,871.0
2026-07-01,15:00,871.4000244140625,872.0999755859375,867.5999755859375,868.9000244140625
2026-07-01,15:05,868.9000244140625,869.7000122070312,868.0,869.5
2026-07-01,15:10,869.0,870.2000122070312,868.5,868.9000244140625
2026-07-01,15:15,868.5999755859375,868.7000122070312,866.2000122070312,866.9000244140625
2026-07-01,15:20,866.9000244140625,866.9000244140625,865.2000122070312,865.7000122070312
2026-07-02,09:05,830.0,834.4000244140625,828.4000244140625,833.7999877929688
2026-07-02,09:10,833.5999755859375,839.9000244140625,832.0999755859375,834.5
2026-07-02,09:15,834.5999755859375,838.2000122070312,830.0,830.0
2026-07-02,09:20,830.0,837.7000122070312,829.0,834.9000244140625
2026-07-02,09:25,835.0999755859375,839.2000122070312,831.5,838.5
2026-07-02,09:30,838.5999755859375,840.0999755859375,835.5999755859375,837.5
2026-07-02,09:35,837.5999755859375,840.4000244140625,831.0,833.0
2026-07-02,09:40,833.5,833.5,823.4000244140625,824.0
2026-07-02,09:45,824.0,829.9000244140625,823.5,828.9000244140625
2026-07-02,09:50,828.7999877929688,830.2999877929688,824.9000244140625,830.2000122070312
2026-07-02,09:55,830.0999755859375,833.5999755859375,829.0,831.2999877929688
2026-07-02,10:00,832.0,834.9000244140625,829.5,834.9000244140625
2026-07-02,10:05,834.5,840.0999755859375,834.0,839.0999755859375
2026-07-02,10:10,839.2000122070312,842.0,837.4000244140625,842.0
2026-07-02,10:15,841.7999877929688,842.0999755859375,838.2000122070312,840.2999877929688
2026-07-02,10:20,839.7999877929688,842.5,839.7999877929688,842.5
2026-07-02,10:25,842.5999755859375,845.4000244140625,842.2999877929688,845.4000244140625
2026-07-02,10:30,845.5,848.5,843.5,843.7000122070312
2026-07-02,10:35,843.5999755859375,848.4000244140625,842.5999755859375,846.9000244140625
2026-07-02,10:40,846.5999755859375,848.7999877929688,845.5,848.0
2026-07-02,10:45,848.0,851.9000244140625,846.5,851.0
2026-07-02,10:50,851.0,852.4000244140625,849.7999877929688,849.7999877929688
2026-07-02,10:55,850.0,852.2000122070312,849.2000122070312,851.7999877929688
2026-07-02,11:00,850.9000244140625,851.9000244140625,848.7000122070312,850.4000244140625
2026-07-02,11:05,850.5,850.5,847.2999877929688,848.4000244140625
2026-07-02,11:10,848.2999877929688,851.5,846.5,851.0999755859375
2026-07-02,11:15,851.5,852.9000244140625,849.2000122070312,849.2999877929688
2026-07-02,11:20,849.0999755859375,851.2000122070312,848.2000122070312,848.5999755859375
2026-07-02,11:25,848.5,849.4000244140625,846.2999877929688,846.2999877929688
2026-07-02,11:30,846.2000122070312,846.2999877929688,846.2000122070312,846.2999877929688
2026-07-02,12:30,844.5999755859375,848.5999755859375,842.9000244140625,847.5
2026-07-02,12:35,847.2999877929688,847.7999877929688,841.4000244140625,842.0999755859375
2026-07-02,12:40,842.4000244140625,843.2000122070312,839.4000244140625,841.9000244140625
2026-07-02,12:45,841.5999755859375,842.0,838.4000244140625,840.4000244140625
2026-07-02,12:50,840.5,842.9000244140625,839.7000122070312,842.0999755859375
2026-07-02,12:55,841.5,843.5,840.7000122070312,840.9000244140625
2026-07-02,13:00,841.2999877929688,844.2000122070312,840.9000244140625,841.5999755859375
2026-07-02,13:05,841.0,841.7000122070312,836.9000244140625,837.5
2026-07-02,13:10,837.7000122070312,838.5,835.5,836.0999755859375
2026-07-02,13:15,835.9000244140625,836.7999877929688,834.9000244140625,836.4000244140625
2026-07-02,13:20,836.2999877929688,836.5999755859375,834.0999755859375,836.4000244140625
2026-07-02,13:25,836.4000244140625,839.7999877929688,836.0,838.2000122070312
2026-07-02,13:30,838.2000122070312,838.2000122070312,834.0999755859375,834.9000244140625
2026-07-02,13:35,834.9000244140625,835.0,832.7000122070312,834.2000122070312
2026-07-02,13:40,833.9000244140625,835.0,833.2999877929688,834.7000122070312
2026-07-02,13:45,834.5,835.7999877929688,833.5,834.2999877929688
2026-07-02,13:50,834.2000122070312,837.0999755859375,834.0,837.0
2026-07-02,13:55,836.7000122070312,839.2999877929688,836.7000122070312,838.4000244140625
2026-07-02,14:00,838.4000244140625,839.2999877929688,835.2999877929688,838.2999877929688
2026-07-02,14:05,838.5,842.2999877929688,838.5,842.2999877929688
2026-07-02,14:10,842.0999755859375,843.9000244140625,841.5999755859375,843.7000122070312
2026-07-02,14:15,843.9000244140625,845.2000122070312,843.4000244140625,845.0999755859375
2026-07-02,14:20,844.9000244140625,845.5,844.0999755859375,844.4000244140625
2026-07-02,14:25,844.2000122070312,845.0999755859375,840.7000122070312,841.0
2026-07-02,14:30,840.7000122070312,840.7999877929688,838.2000122070312,838.5
2026-07-02,14:35,838.9000244140625,839.9000244140625,837.5999755859375,837.5999755859375
2026-07-02,14:40,837.5999755859375,839.2000122070312,836.2000122070312,838.0
2026-07-02,14:45,838.0999755859375,839.7000122070312,835.2000122070312,836.0999755859375
2026-07-02,14:50,836.2999877929688,836.5999755859375,834.9000244140625,834.9000244140625
2026-07-02,14:55,835.0,835.5999755859375,833.9000244140625,834.0999755859375
2026-07-02,15:00,833.9000244140625,834.5999755859375,830.5999755859375,830.7000122070312
2026-07-02,15:05,830.5,830.5999755859375,826.7999877929688,827.5
2026-07-02,15:10,827.2999877929688,827.9000244140625,825.2000122070312,825.7999877929688
2026-07-02,15:15,825.5999755859375,828.4000244140625,825.2000122070312,827.5999755859375
2026-07-02,15:20,827.5,828.5999755859375,825.0999755859375,825.0999755859375
2026-07-03,09:05,809.4000244140625,811.0,803.7000122070312,803.7000122070312
2026-07-03,09:10,803.5999755859375,804.0,800.7000122070312,803.2999877929688
2026-07-03,09:15,803.0999755859375,810.5,801.7000122070312,806.5999755859375
2026-07-03,09:20,806.5,811.0,805.7999877929688,811.0
2026-07-03,09:25,811.0999755859375,812.2000122070312,801.9000244140625,801.9000244140625
2026-07-03,09:30,801.9000244140625,804.0999755859375,797.7000122070312,801.9000244140625
2026-07-03,09:35,802.0999755859375,813.0,801.4000244140625,808.9000244140625
2026-07-03,09:40,808.7999877929688,812.2999877929688,808.4000244140625,808.9000244140625
2026-07-03,09:45,808.9000244140625,810.5,805.2000122070312,810.2000122070312
2026-07-03,09:50,810.4000244140625,810.7000122070312,805.7999877929688,809.5999755859375
2026-07-03,09:55,809.9000244140625,811.2999877929688,808.0999755859375,809.7999877929688
2026-07-03,10:00,810.0,820.5,809.2000122070312,820.2999877929688
2026-07-03,10:05,820.0,831.2000122070312,819.5,829.5999755859375
2026-07-03,10:10,829.4000244140625,831.2000122070312,822.9000244140625,825.4000244140625
2026-07-03,10:15,825.4000244140625,827.7999877929688,822.5999755859375,826.0
2026-07-03,10:20,826.2000122070312,831.9000244140625,825.5,831.5
2026-07-03,10:25,831.2999877929688,832.2000122070312,828.7999877929688,829.5
2026-07-03,10:30,829.7000122070312,831.7000122070312,827.7999877929688,830.7999877929688
2026-07-03,10:35,830.5999755859375,831.7000122070312,827.9000244140625,831.7000122070312
2026-07-03,10:40,831.7000122070312,832.2999877929688,829.5,830.2999877929688
2026-07-03,10:45,830.7999877929688,830.7999877929688,827.0,827.0
2026-07-03,10:50,827.2999877929688,830.0,826.0999755859375,830.0
2026-07-03,10:55,829.9000244140625,832.7000122070312,829.7999877929688,832.2999877929688
2026-07-03,11:00,832.0999755859375,835.2999877929688,831.7999877929688,834.7000122070312
2026-07-03,11:05,834.5999755859375,837.7000122070312,834.2000122070312,837.7000122070312
2026-07-03,11:10,837.7999877929688,837.7999877929688,832.4000244140625,833.2999877929688
2026-07-03,11:15,833.9000244140625,835.2999877929688,832.0,832.2999877929688
2026-07-03,11:20,831.7999877929688,833.9000244140625,831.2000122070312,833.0
2026-07-03,11:25,834.0,834.2000122070312,832.2000122070312,833.7000122070312
2026-07-03,11:30,834.0,834.5999755859375,834.0,834.5999755859375
2026-07-03,12:30,838.2000122070312,843.4000244140625,835.5,836.2000122070312
2026-07-03,12:35,836.2000122070312,837.2999877929688,833.0,834.0999755859375
2026-07-03,12:40,833.7999877929688,833.7999877929688,827.2000122070312,827.2000122070312
2026-07-03,12:45,827.0999755859375,834.2999877929688,826.9000244140625,834.2000122070312
2026-07-03,12:50,834.4000244140625,835.5,832.9000244140625,834.2999877929688
2026-07-03,12:55,834.0999755859375,838.0999755859375,834.0999755859375,838.0999755859375
2026-07-03,13:00,838.0,840.0999755859375,837.2999877929688,840.0
2026-07-03,13:05,840.0,840.7000122070312,839.2999877929688,840.4000244140625
2026-07-03,13:10,840.2999877929688,842.2999877929688,838.9000244140625,841.9000244140625
2026-07-03,13:15,842.0,843.4000244140625,841.0,842.9000244140625
2026-07-03,13:20,842.7999877929688,844.7000122070312,842.7000122070312,844.2000122070312
2026-07-03,13:25,844.0999755859375,845.0,842.7000122070312,844.5
2026-07-03,13:30,844.2999877929688,844.7000122070312,842.9000244140625,843.9000244140625
2026-07-03,13:35,843.7999877929688,846.9000244140625,843.4000244140625,846.7999877929688
2026-07-03,13:40,846.7999877929688,847.2999877929688,845.0999755859375,845.5
2026-07-03,13:45,845.4000244140625,846.0999755859375,842.4000244140625,842.4000244140625
2026-07-03,13:50,842.2999877929688,845.0,841.2999877929688,844.5999755859375
2026-07-03,13:55,844.7000122070312,845.2000122070312,843.5999755859375,843.7000122070312
2026-07-03,14:00,843.5999755859375,845.0,842.7999877929688,845.0
2026-07-03,14:05,844.4000244140625,844.9000244140625,842.9000244140625,842.9000244140625
2026-07-03,14:10,843.2999877929688,843.5999755859375,840.5999755859375,842.2000122070312
2026-07-03,14:15,842.0,843.0999755859375,841.4000244140625,841.5999755859375
2026-07-03,14:20,841.5,841.5,839.2999877929688,840.4000244140625
2026-07-03,14:25,840.0,843.4000244140625,839.4000244140625,843.0
2026-07-03,14:30,843.0,845.2999877929688,842.5999755859375,844.9000244140625
2026-07-03,14:35,845.0,845.2000122070312,843.5999755859375,844.5999755859375
2026-07-03,14:40,844.5999755859375,845.2999877929688,842.0,842.2999877929688
2026-07-03,14:45,842.2999877929688,842.7000122070312,840.2999877929688,841.5
2026-07-03,14:50,841.5,844.0,841.4000244140625,843.5
2026-07-03,14:55,843.2999877929688,846.0,842.9000244140625,845.5
2026-07-03,15:00,845.5,846.7000122070312,844.0999755859375,845.9000244140625
2026-07-03,15:05,846.0999755859375,848.7000122070312,846.0999755859375,848.0
2026-07-03,15:10,848.0999755859375,848.7999877929688,846.7999877929688,846.7999877929688
2026-07-03,15:15,846.7999877929688,848.4000244140625,846.5999755859375,847.7999877929688
2026-07-03,15:20,847.7999877929688,849.2000122070312,847.5999755859375,848.5
2026-07-03,15:25,848.5999755859375,848.5999755859375,848.5999755859375,848.5999755859375
2026-07-06,09:00,856.0,856.0,843.2000122070312,853.7000122070312
2026-07-06,09:05,854.2000122070312,864.0,852.5,863.4000244140625
2026-07-06,09:10,863.0,863.7999877929688,857.2999877929688,860.0999755859375
2026-07-06,09:15,860.0999755859375,862.7000122070312,855.2999877929688,855.5999755859375
2026-07-06,09:20,855.5,855.7999877929688,844.2000122070312,845.2999877929688
2026-07-06,09:25,845.4000244140625,847.0999755859375,837.0,839.2000122070312
2026-07-06,09:30,839.0999755859375,846.7000122070312,837.4000244140625,844.2999877929688
2026-07-06,09:35,844.2000122070312,848.2000122070312,841.4000244140625,844.5999755859375
2026-07-06,09:40,844.9000244140625,851.4000244140625,844.7000122070312,848.9000244140625
2026-07-06,09:45,848.7999877929688,856.2000122070312,848.5999755859375,853.5999755859375
2026-07-06,09:50,853.2999877929688,853.2999877929688,846.2999877929688,850.5
2026-07-06,09:55,851.0,851.5999755859375,846.2999877929688,847.7000122070312
2026-07-06,10:00,848.2000122070312,848.5,840.9000244140625,841.5999755859375
2026-07-06,10:05,841.0,845.7999877929688,839.5999755859375,845.4000244140625
2026-07-06,10:10,845.2000122070312,846.0,841.5999755859375,843.2999877929688
2026-07-06,10:15,843.2000122070312,845.4000244140625,842.0,845.4000244140625
2026-07-06,10:20,845.4000244140625,846.2000122070312,840.5999755859375,841.2999877929688
2026-07-06,10:25,841.4000244140625,843.2000122070312,838.9000244140625,842.9000244140625
2026-07-06,10:30,842.5,846.5999755859375,841.9000244140625,845.5
2026-07-06,10:35,845.2999877929688,845.2999877929688,841.5,843.0999755859375
2026-07-06,10:40,843.2000122070312,844.5,839.2999877929688,839.5
2026-07-06,10:45,839.2999877929688,839.5,834.9000244140625,834.9000244140625
2026-07-06,10:50,835.2999877929688,836.7000122070312,834.0,835.0
2026-07-06,10:55,834.4000244140625,837.7999877929688,833.2999877929688,836.2000122070312
2026-07-06,11:00,836.4000244140625,838.5999755859375,834.9000244140625,838.5999755859375
2026-07-06,11:05,838.2999877929688,838.2999877929688,834.5999755859375,835.5
2026-07-06,11:10,835.2000122070312,836.0,830.2999877929688,830.9000244140625
2026-07-06,11:15,831.0,833.5,828.5,829.5999755859375
2026-07-06,11:20,829.4000244140625,833.0,829.2000122070312,832.2000122070312
2026-07-06,11:25,832.2999877929688,833.0999755859375,828.0999755859375,828.2999877929688
2026-07-06,11:30,828.4000244140625,828.4000244140625,828.4000244140625,828.4000244140625
2026-07-06,12:30,832.5999755859375,834.0,829.4000244140625,831.4000244140625
2026-07-06,12:35,831.7000122070312,834.9000244140625,831.0,834.2999877929688
2026-07-06,12:40,835.0,835.0,830.4000244140625,830.4000244140625
2026-07-06,12:45,831.2000122070312,832.4000244140625,830.0999755859375,830.0999755859375
2026-07-06,12:50,830.0,833.7999877929688,829.7000122070312,831.2000122070312
2026-07-06,12:55,831.2999877929688,835.9000244140625,830.4000244140625,835.4000244140625
2026-07-06,13:00,835.0,835.2999877929688,832.4000244140625,834.2000122070312
2026-07-06,13:05,834.5,835.0,830.7999877929688,831.4000244140625
2026-07-06,13:10,831.5999755859375,835.7000122070312,831.5999755859375,835.5999755859375
2026-07-06,13:15,835.0,837.7999877929688,834.5,837.5999755859375
2026-07-06,13:20,837.7000122070312,838.2000122070312,836.0,837.2000122070312
2026-07-06,13:25,837.2000122070312,839.5999755859375,837.0999755859375,839.5
2026-07-06,13:30,839.2000122070312,842.0,839.2000122070312,839.2999877929688
2026-07-06,13:35,839.7000122070312,842.7999877929688,839.2000122070312,842.0
2026-07-06,13:40,842.0999755859375,843.0,840.5999755859375,841.9000244140625
2026-07-06,13:45,841.7999877929688,842.5999755859375,840.2999877929688,840.4000244140625
2026-07-06,13:50,840.2999877929688,842.7999877929688,839.9000244140625,842.5999755859375
2026-07-06,13:55,842.5,843.9000244140625,842.4000244140625,843.0999755859375
2026-07-06,14:00,843.2000122070312,843.4000244140625,841.0,841.0999755859375
2026-07-06,14:05,841.0999755859375,843.0999755859375,840.7999877929688,841.5999755859375
2026-07-06,14:10,841.7000122070312,844.2000122070312,841.5999755859375,843.2999877929688
2026-07-06,14:15,843.7000122070312,845.7000122070312,843.7000122070312,844.5
2026-07-06,14:20,844.5999755859375,845.0,839.5999755859375,839.9000244140625
2026-07-06,14:25,839.5999755859375,840.2999877929688,837.7999877929688,837.7999877929688
2026-07-06,14:30,838.0,839.5,835.7999877929688,839.0
2026-07-06,14:35,839.4000244140625,841.0,838.4000244140625,840.2000122070312
2026-07-06,14:40,840.0999755859375,843.9000244140625,840.0999755859375,842.5999755859375
2026-07-06,14:45,842.7000122070312,842.7000122070312,839.4000244140625,840.9000244140625
2026-07-06,14:50,841.0999755859375,844.7999877929688,841.0999755859375,844.2000122070312
2026-07-06,14:55,844.0,845.4000244140625,843.2000122070312,844.5999755859375
2026-07-06,15:00,844.7000122070312,845.5999755859375,843.4000244140625,843.7999877929688
2026-07-06,15:05,843.7999877929688,845.0,843.2999877929688,844.0
2026-07-06,15:10,843.7999877929688,844.0999755859375,842.4000244140625,843.5
2026-07-06,15:15,843.2000122070312,845.5,843.2000122070312,845.2000122070312
2026-07-06,15:20,845.4000244140625,846.4000244140625,844.7000122070312,846.0
2026-07-07,09:05,840.4000244140625,849.5,840.4000244140625,844.9000244140625
2026-07-07,09:10,844.7999877929688,844.7999877929688,834.5,841.2000122070312
2026-07-07,09:15,841.2000122070312,845.7999877929688,838.9000244140625,845.7000122070312
2026-07-07,09:20,845.9000244140625,851.0999755859375,844.9000244140625,849.7999877929688
2026-07-07,09:25,850.0,853.2000122070312,847.2999877929688,848.9000244140625
2026-07-07,09:30,849.5,853.5,846.4000244140625,846.4000244140625
2026-07-07,09:35,846.5999755859375,848.0999755859375,840.7999877929688,844.0
2026-07-07,09:40,843.7999877929688,843.9000244140625,838.2999877929688,838.5999755859375
2026-07-07,09:45,838.7000122070312,842.0999755859375,835.7000122070312,840.0
2026-07-07,09:50,839.9000244140625,841.7999877929688,837.0999755859375,841.2999877929688
2026-07-07,09:55,841.2999877929688,842.0999755859375,833.7999877929688,835.0999755859375
2026-07-07,10:00,835.2999877929688,837.2999877929688,833.5999755859375,835.5999755859375
2026-07-07,10:05,835.5999755859375,836.0999755859375,832.5999755859375,833.7999877929688
2026-07-07,10:10,833.2999877929688,836.2000122070312,832.4000244140625,833.2999877929688
2026-07-07,10:15,833.4000244140625,834.2000122070312,829.2000122070312,830.0
2026-07-07,10:20,829.9000244140625,830.2000122070312,827.5,827.7000122070312
2026-07-07,10:25,827.5,828.2000122070312,824.0,825.0
2026-07-07,10:30,824.7999877929688,828.2000122070312,822.4000244140625,827.4000244140625
2026-07-07,10:35,827.4000244140625,832.5,827.0999755859375,832.0
2026-07-07,10:40,831.5,834.5,829.2999877929688,834.4000244140625
2026-07-07,10:45,834.0,837.5999755859375,833.5999755859375,834.7999877929688
2026-07-07,10:50,835.0,835.7000122070312,830.0999755859375,831.0
2026-07-07,10:55,831.2000122070312,831.2000122070312,825.5,826.2000122070312
2026-07-07,11:00,826.4000244140625,831.7000122070312,826.2000122070312,830.7999877929688
2026-07-07,11:05,830.9000244140625,832.4000244140625,829.9000244140625,829.9000244140625
2026-07-07,11:10,830.0,831.2000122070312,829.0,829.5999755859375
2026-07-07,11:15,829.9000244140625,830.2999877929688,828.0999755859375,828.5999755859375
2026-07-07,11:20,828.5,828.5,825.2000122070312,825.5999755859375
2026-07-07,11:25,826.0999755859375,826.5,825.2999877929688,826.2999877929688
2026-07-07,11:30,826.2000122070312,826.2999877929688,826.2000122070312,826.2999877929688
2026-07-07,12:30,821.4000244140625,824.5999755859375,818.7000122070312,823.7999877929688
2026-07-07,12:35,824.0,826.0999755859375,823.4000244140625,825.7000122070312
2026-07-07,12:40,825.2999877929688,825.4000244140625,822.4000244140625,822.5999755859375
2026-07-07,12:45,822.4000244140625,822.4000244140625,816.7000122070312,818.2000122070312
2026-07-07,12:50,818.2999877929688,819.0999755859375,816.5,817.0
2026-07-07,12:55,817.0999755859375,819.7999877929688,816.2000122070312,819.0
2026-07-07,13:00,819.0999755859375,819.9000244140625,816.2000122070312,819.9000244140625
2026-07-07,13:05,819.7000122070312,823.0,819.0999755859375,820.7999877929688
2026-07-07,13:10,820.5999755859375,822.2000122070312,817.7999877929688,818.0999755859375
2026-07-07,13:15,817.9000244140625,818.9000244140625,815.5999755859375,816.7999877929688
2026-07-07,13:20,817.2999877929688,818.5999755859375,815.5,816.2999877929688
2026-07-07,13:25,816.5,817.5,815.4000244140625,817.5
2026-07-07,13:30,817.7000122070312,819.7000122070312,817.0999755859375,819.0
2026-07-07,13:35,819.0,819.7000122070312,816.0,817.0
2026-07-07,13:40,817.0,818.4000244140625,816.0,816.9000244140625
2026-07-07,13:45,817.2000122070312,817.7000122070312,815.2000122070312,815.4000244140625
2026-07-07,13:50,815.4000244140625,816.2000122070312,813.7000122070312,813.7999877929688
2026-07-07,13:55,813.9000244140625,815.7000122070312,813.5999755859375,815.5999755859375
2026-07-07,14:00,815.5,815.7000122070312,811.0,811.0
2026-07-07,14:05,811.2000122070312,811.2000122070312,807.0,807.5999755859375
2026-07-07,14:10,807.7000122070312,809.7000122070312,807.0999755859375,807.9000244140625
2026-07-07,14:15,807.7000122070312,808.2000122070312,806.0999755859375,808.2000122070312
2026-07-07,14:20,808.2999877929688,811.7999877929688,807.0999755859375,809.7000122070312
2026-07-07,14:25,809.5,809.7999877929688,806.2999877929688,809.7000122070312
2026-07-07,14:30,809.9000244140625,815.2000122070312,809.9000244140625,814.0
2026-07-07,14:35,813.7000122070312,816.5999755859375,813.7000122070312,816.4000244140625
2026-07-07,14:40,816.4000244140625,819.2999877929688,816.0,818.5999755859375
2026-07-07,14:45,818.5999755859375,819.4000244140625,815.2000122070312,815.9000244140625
2026-07-07,14:50,816.2999877929688,820.2999877929688,816.2999877929688,820.2999877929688
2026-07-07,14:55,820.4000244140625,822.7999877929688,819.7999877929688,820.0999755859375
2026-07-07,15:00,819.7999877929688,822.0,817.7999877929688,818.0999755859375
2026-07-07,15:05,817.7000122070312,817.7000122070312,815.0,815.5999755859375
2026-07-07,15:10,815.5,815.5,812.7999877929688,813.0999755859375
2026-07-07,15:15,813.0999755859375,815.5,812.7999877929688,814.7999877929688
2026-07-07,15:20,815.0999755859375,816.7999877929688,814.5999755859375,815.7000122070312
2026-07-08,09:05,789.5,799.7999877929688,788.2999877929688,793.5
2026-07-08,09:10,793.0,798.0,789.2000122070312,793.0
2026-07-08,09:15,793.2999877929688,795.2000122070312,787.5,790.0999755859375
2026-07-08,09:20,789.7000122070312,798.7000122070312,785.0999755859375,798.0
2026-07-08,09:25,797.5999755859375,804.0999755859375,796.7000122070312,804.0999755859375
2026-07-08,09:30,803.9000244140625,804.9000244140625,793.7000122070312,795.2000122070312
2026-07-08,09:35,795.5999755859375,805.0,793.0,804.4000244140625
2026-07-08,09:40,804.4000244140625,809.5,802.0999755859375,807.9000244140625
2026-07-08,09:45,808.0999755859375,810.7999877929688,806.4000244140625,810.4000244140625
2026-07-08,09:50,810.2000122070312,813.2000122070312,809.7999877929688,811.7999877929688
2026-07-08,09:55,811.5,816.0999755859375,811.2999877929688,813.2999877929688
2026-07-08,10:00,813.4000244140625,815.2999877929688,809.5,810.0
2026-07-08,10:05,810.0999755859375,810.7999877929688,805.2000122070312,809.0
2026-07-08,10:10,809.2000122070312,814.5,809.2000122070312,813.0999755859375
2026-07-08,10:15,813.4000244140625,814.9000244140625,810.9000244140625,812.7000122070312
2026-07-08,10:20,812.2999877929688,812.2999877929688,806.5,807.2999877929688
2026-07-08,10:25,807.2000122070312,810.5999755859375,805.2000122070312,806.4000244140625
2026-07-08,10:30,806.5,807.5999755859375,802.0,803.0
2026-07-08,10:35,803.2000122070312,804.0,798.7000122070312,799.7999877929688
2026-07-08,10:40,799.5999755859375,803.0999755859375,798.0,801.5
2026-07-08,10:45,801.7000122070312,807.0,801.7000122070312,805.2999877929688
2026-07-08,10:50,805.5999755859375,806.7999877929688,799.5999755859375,800.2000122070312
2026-07-08,10:55,800.4000244140625,802.5,799.2999877929688,801.2999877929688
2026-07-08,11:00,801.4000244140625,802.0,797.4000244140625,798.0999755859375
2026-07-08,11:05,798.0,800.2999877929688,795.7999877929688,798.0
2026-07-08,11:10,798.4000244140625,799.2000122070312,794.7000122070312,794.7000122070312
2026-07-08,11:15,794.9000244140625,799.0999755859375,794.0,799.0999755859375
2026-07-08,11:20,798.9000244140625,803.0999755859375,798.2999877929688,802.7000122070312
2026-07-08,11:25,802.9000244140625,804.9000244140625,800.5,800.5
2026-07-08,11:30,801.0999755859375,801.0999755859375,801.0999755859375,801.0999755859375
2026-07-08,12:30,810.5,814.2000122070312,808.4000244140625,809.7000122070312
2026-07-08,12:35,810.0,811.2000122070312,806.7000122070312,807.7999877929688
2026-07-08,12:40,808.0999755859375,808.0999755859375,806.0999755859375,807.2999877929688
2026-07-08,12:45,807.7000122070312,808.5,805.4000244140625,807.0999755859375
2026-07-08,12:50,807.4000244140625,809.0,806.5,807.5999755859375
2026-07-08,12:55,807.2000122070312,807.2000122070312,804.2999877929688,804.4000244140625
2026-07-08,13:00,804.7000122070312,805.0,802.5,804.0
2026-07-08,13:05,804.0999755859375,804.4000244140625,801.5,803.2999877929688
2026-07-08,13:10,802.5999755859375,802.5999755859375,799.5999755859375,800.0
2026-07-08,13:15,799.7999877929688,800.5,798.4000244140625,799.4000244140625
2026-07-08,13:20,799.2000122070312,803.2999877929688,798.7000122070312,803.0999755859375
2026-07-08,13:25,803.0999755859375,803.2999877929688,799.9000244140625,800.2999877929688
2026-07-08,13:30,800.4000244140625,801.0,797.0999755859375,797.9000244140625
2026-07-08,13:35,798.0,799.2000122070312,795.2000122070312,797.5
2026-07-08,13:40,797.7000122070312,799.0,796.4000244140625,797.5999755859375
2026-07-08,13:45,797.5,800.2999877929688,796.5,797.9000244140625
2026-07-08,13:50,797.9000244140625,797.9000244140625,793.5999755859375,794.0999755859375
2026-07-08,13:55,793.7999877929688,797.5999755859375,791.7999877929688,797.5999755859375
2026-07-08,14:00,797.7999877929688,799.4000244140625,795.7999877929688,798.4000244140625
2026-07-08,14:05,798.2999877929688,801.2000122070312,798.2999877929688,799.5
2026-07-08,14:10,799.7999877929688,801.9000244140625,798.0,800.0
2026-07-08,14:15,799.7000122070312,803.0,798.7000122070312,798.9000244140625
2026-07-08,14:20,798.7999877929688,799.5999755859375,796.5999755859375,797.2000122070312
2026-07-08,14:25,797.0,799.2999877929688,796.4000244140625,797.0999755859375
2026-07-08,14:30,797.0999755859375,797.0999755859375,791.7000122070312,793.7000122070312
2026-07-08,14:35,794.0,795.7999877929688,792.0999755859375,792.5
2026-07-08,14:40,792.4000244140625,794.2999877929688,791.0999755859375,791.5999755859375
2026-07-08,14:45,791.2999877929688,791.2999877929688,786.5999755859375,786.7000122070312
2026-07-08,14:50,786.5,791.0,785.5999755859375,791.0
2026-07-08,14:55,790.7999877929688,793.4000244140625,790.0,790.5
2026-07-08,15:00,790.0,790.0,786.0,787.5999755859375
2026-07-08,15:05,787.7000122070312,788.2999877929688,785.5,787.0999755859375
2026-07-08,15:10,787.5,787.7999877929688,784.4000244140625,785.2999877929688
2026-07-08,15:15,785.2999877929688,785.7999877929688,784.0999755859375,785.5999755859375
2026-07-08,15:20,785.7999877929688,786.7999877929688,783.2000122070312,786.2000122070312
2026-07-09,09:05,798.7999877929688,803.2000122070312,797.9000244140625,801.0
2026-07-09,09:10,801.0999755859375,805.4000244140625,796.7000122070312,805.2999877929688
2026-07-09,09:15,805.0,808.7999877929688,799.7999877929688,799.7999877929688
2026-07-09,09:20,799.9000244140625,805.7999877929688,797.7999877929688,802.0
2026-07-09,09:25,802.5999755859375,807.5,799.2999877929688,806.5
2026-07-09,09:30,806.5999755859375,808.4000244140625,804.5,805.5
2026-07-09,09:35,805.7999877929688,809.0,803.5999755859375,807.4000244140625
2026-07-09,09:40,807.2999877929688,810.0,805.2000122070312,809.0999755859375
2026-07-09,09:45,808.4000244140625,812.4000244140625,808.0,811.5999755859375
2026-07-09,09:50,811.7000122070312,811.9000244140625,802.2999877929688,802.7999877929688
2026-07-09,09:55,803.0,805.5999755859375,801.5,805.0
2026-07-09,10:00,804.9000244140625,808.2999877929688,804.0999755859375,806.2000122070312
2026-07-09,10:05,806.5,813.2000122070312,804.9000244140625,813.2000122070312
2026-07-09,10:10,813.2000122070312,813.7999877929688,810.5,810.7999877929688
2026-07-09,10:15,810.7999877929688,814.5,810.4000244140625,811.7000122070312
2026-07-09,10:20,811.5,812.5999755859375,805.9000244140625,806.0
2026-07-09,10:25,806.4000244140625,807.9000244140625,804.0999755859375,806.7000122070312
2026-07-09,10:30,807.5999755859375,809.2000122070312,805.9000244140625,806.5
2026-07-09,10:35,806.0999755859375,807.7000122070312,805.5,806.9000244140625
2026-07-09,10:40,806.7000122070312,810.0,805.2999877929688,809.7000122070312
2026-07-09,10:45,809.5999755859375,809.7000122070312,806.5,808.4000244140625
2026-07-09,10:50,808.2000122070312,809.5,802.2999877929688,802.2999877929688
2026-07-09,10:55,802.0999755859375,803.5999755859375,800.5,801.0
2026-07-09,11:00,801.7999877929688,802.7000122070312,798.5,801.7999877929688
2026-07-09,11:05,801.9000244140625,808.5999755859375,801.2000122070312,808.2999877929688
2026-07-09,11:10,808.2000122070312,811.0999755859375,807.5,811.0
2026-07-09,11:15,810.9000244140625,815.2999877929688,810.5,814.9000244140625
2026-07-09,11:20,815.2000122070312,816.0,810.2999877929688,810.7999877929688
2026-07-09,11:25,810.7000122070312,812.2000122070312,808.7999877929688,811.5
2026-07-09,11:30,811.2999877929688,811.2999877929688,810.2999877929688,810.2999877929688
2026-07-09,12:30,804.2000122070312,807.0,801.7999877929688,805.5999755859375
2026-07-09,12:35,805.7999877929688,806.4000244140625,804.5,805.2000122070312
2026-07-09,12:40,805.2999877929688,805.7999877929688,802.0,804.5
2026-07-09,12:45,804.5,807.9000244140625,804.5,806.5999755859375
2026-07-09,12:50,806.7000122070312,807.5999755859375,804.2000122070312,804.9000244140625
2026-07-09,12:55,805.0999755859375,806.4000244140625,804.2999877929688,805.0
2026-07-09,13:00,805.0999755859375,807.0,804.2999877929688,806.2000122070312
2026-07-09,13:05,806.7999877929688,807.0,804.2999877929688,805.7000122070312
2026-07-09,13:10,805.0999755859375,805.7999877929688,803.0,804.4000244140625
2026-07-09,13:15,804.4000244140625,806.4000244140625,802.0999755859375,802.2000122070312
2026-07-09,13:20,802.2000122070312,802.5999755859375,797.7999877929688,797.9000244140625
2026-07-09,13:25,798.0,800.2999877929688,796.9000244140625,799.2999877929688
2026-07-09,13:30,799.7999877929688,803.5999755859375,799.5,801.5
2026-07-09,13:35,801.7000122070312,803.7999877929688,800.7999877929688,803.4000244140625
2026-07-09,13:40,803.4000244140625,804.7999877929688,802.5,803.7999877929688
2026-07-09,13:45,803.5,803.7000122070312,801.2000122070312,801.7999877929688
2026-07-09,13:50,801.7999877929688,803.7999877929688,801.7000122070312,803.5999755859375
2026-07-09,13:55,803.7000122070312,804.7999877929688,801.9000244140625,801.9000244140625
2026-07-09,14:00,801.7999877929688,803.5999755859375,799.5,799.7999877929688
2026-07-09,14:05,800.0,800.2999877929688,796.5999755859375,799.5999755859375
2026-07-09,14:10,799.9000244140625,807.0,799.9000244140625,801.9000244140625
2026-07-09,14:15,802.7000122070312,802.7999877929688,796.5999755859375,797.0
2026-07-09,14:20,797.2999877929688,798.2000122070312,795.5999755859375,797.4000244140625
2026-07-09,14:25,797.4000244140625,799.0999755859375,796.5999755859375,796.5999755859375
2026-07-09,14:30,797.0,797.7000122070312,793.0,797.7000122070312
2026-07-09,14:35,797.7999877929688,799.5999755859375,797.0,798.9000244140625
2026-07-09,14:40,798.7999877929688,800.7999877929688,797.5999755859375,800.7999877929688
2026-07-09,14:45,800.5999755859375,801.5,799.5999755859375,801.5
2026-07-09,14:50,801.5,805.0,801.0,804.4000244140625
2026-07-09,14:55,804.4000244140625,807.7000122070312,804.0999755859375,807.5
2026-07-09,15:00,807.5999755859375,808.7999877929688,805.0,805.7999877929688
2026-07-09,15:05,805.7000122070312,805.7000122070312,803.7000122070312,804.0999755859375
2026-07-09,15:10,804.0,804.0,801.9000244140625,802.5999755859375
2026-07-09,15:15,802.5999755859375,803.0,800.4000244140625,800.5999755859375
2026-07-09,15:20,800.5999755859375,802.0,799.5999755859375,800.7000122070312
2026-07-10,09:05,822.2999877929688,823.9000244140625,818.0999755859375,819.7000122070312
2026-07-10,09:10,819.7000122070312,823.0999755859375,817.0,822.9000244140625
2026-07-10,09:15,823.0,826.7999877929688,821.5,826.0999755859375
2026-07-10,09:20,826.2000122070312,828.2000122070312,820.2000122070312,821.7999877929688
2026-07-10,09:25,822.0,824.0999755859375,817.7000122070312,819.4000244140625
2026-07-10,09:30,819.7000122070312,823.5,816.5999755859375,818.4000244140625
2026-07-10,09:35,818.5,822.5,817.7000122070312,819.9000244140625
2026-07-10,09:40,819.9000244140625,823.9000244140625,819.0999755859375,821.7999877929688
2026-07-10,09:45,821.7999877929688,824.5999755859375,821.2000122070312,823.0
2026-07-10,09:50,823.0999755859375,826.0,821.7999877929688,825.9000244140625
2026-07-10,09:55,825.9000244140625,831.7000122070312,825.9000244140625,831.7000122070312
2026-07-10,10:00,831.7999877929688,832.9000244140625,827.7000122070312,827.7000122070312
2026-07-10,10:05,827.9000244140625,829.9000244140625,827.7000122070312,828.5999755859375
2026-07-10,10:10,828.2999877929688,829.0999755859375,825.7999877929688,827.0999755859375
2026-07-10,10:15,827.2000122070312,828.5,825.0,826.0999755859375
2026-07-10,10:20,826.7000122070312,828.5,823.5,828.0
2026-07-10,10:25,827.9000244140625,831.5999755859375,826.4000244140625,831.5999755859375
2026-07-10,10:30,831.5,836.0,830.5999755859375,834.5999755859375
2026-07-10,10:35,834.4000244140625,834.7999877929688,831.2999877929688,833.5999755859375
2026-07-10,10:40,833.9000244140625,834.5,830.7999877929688,833.0
2026-07-10,10:45,833.2000122070312,837.2999877929688,832.7000122070312,836.4000244140625
2026-07-10,10:50,836.2999877929688,836.5999755859375,834.4000244140625,835.0999755859375
2026-07-10,10:55,835.0999755859375,836.2000122070312,833.7000122070312,834.2999877929688
2026-07-10,11:00,834.2999877929688,834.5999755859375,829.7000122070312,831.7999877929688
2026-07-10,11:05,832.0,832.5,829.2000122070312,831.5
2026-07-10,11:10,830.5999755859375,830.5999755859375,826.7999877929688,828.0999755859375
2026-07-10,11:15,828.4000244140625,828.5,825.0999755859375,826.0
2026-07-10,11:20,826.0,826.7000122070312,822.5999755859375,824.9000244140625
2026-07-10,11:25,825.0,827.0999755859375,825.0,827.0999755859375
2026-07-10,11:30,827.0,827.5,827.0,827.5
2026-07-10,12:30,828.9000244140625,831.7999877929688,828.7000122070312,829.5
2026-07-10,12:35,829.5,830.0,827.5999755859375,829.0
2026-07-10,12:40,829.2999877929688,830.7999877929688,827.2999877929688,827.5
2026-07-10,12:45,827.5,828.4000244140625,825.7999877929688,827.7999877929688
2026-07-10,12:50,827.5999755859375,827.9000244140625,825.5,826.4000244140625
2026-07-10,12:55,826.5999755859375,829.0999755859375,826.2000122070312,828.0999755859375
2026-07-10,13:00,828.2000122070312,829.4000244140625,826.7000122070312,828.7999877929688
2026-07-10,13:05,828.7999877929688,830.0,827.7999877929688,827.7999877929688
2026-07-10,13:10,827.7000122070312,828.7000122070312,827.2999877929688,827.5999755859375
2026-07-10,13:15,827.5999755859375,829.7000122070312,826.5999755859375,829.5999755859375
2026-07-10,13:20,829.7000122070312,830.0,827.5999755859375,827.9000244140625
2026-07-10,13:25,827.7999877929688,829.2999877929688,827.0,828.0999755859375
2026-07-10,13:30,828.0999755859375,829.0999755859375,826.2999877929688,826.2999877929688
2026-07-10,13:35,826.2000122070312,827.7999877929688,826.2000122070312,827.0999755859375
2026-07-10,13:40,827.4000244140625,827.9000244140625,826.2000122070312,827.5
2026-07-10,13:45,827.5,827.7999877929688,826.0,826.0999755859375
2026-07-10,13:50,826.0,826.2000122070312,822.7000122070312,823.7999877929688
2026-07-10,13:55,823.9000244140625,824.7999877929688,821.4000244140625,822.5999755859375
2026-07-10,14:00,822.9000244140625,824.0,820.7000122070312,821.2999877929688
2026-07-10,14:05,821.0999755859375,824.0,820.2999877929688,820.4000244140625
2026-07-10,14:10,820.4000244140625,822.7000122070312,819.7999877929688,822.7000122070312
2026-07-10,14:15,822.5,823.2000122070312,821.4000244140625,823.0
2026-07-10,14:20,822.9000244140625,823.0,822.2999877929688,822.5
2026-07-10,14:25,822.2999877929688,823.5,821.7999877929688,823.5
2026-07-10,14:30,823.0999755859375,824.5,822.4000244140625,824.5
2026-07-10,14:35,824.5999755859375,825.9000244140625,822.4000244140625,823.0999755859375
2026-07-10,14:40,823.0,823.7999877929688,821.4000244140625,823.7999877929688
2026-07-10,14:45,824.0,824.9000244140625,823.5,824.0
2026-07-10,14:50,824.0,825.0,822.0999755859375,822.2000122070312
2026-07-10,14:55,822.0,822.5999755859375,820.0,820.4000244140625
2026-07-10,15:00,820.9000244140625,822.2999877929688,819.4000244140625,821.2999877929688
2026-07-10,15:05,821.2000122070312,821.7999877929688,818.5999755859375,820.0999755859375
2026-07-10,15:10,820.0999755859375,821.0999755859375,818.5,820.0
2026-07-10,15:15,820.0,820.5,818.5,819.0
2026-07-10,15:20,819.0,819.2999877929688,815.5,816.4000244140625
2026-07-13,09:00,814.5,824.0999755859375,810.5,823.2000122070312
2026-07-13,09:05,823.0999755859375,826.5,820.2000122070312,823.5999755859375
2026-07-13,09:10,823.9000244140625,828.0,823.9000244140625,827.7999877929688
2026-07-13,09:15,827.5999755859375,830.2999877929688,820.7999877929688,823.2000122070312
2026-07-13,09:20,823.2000122070312,828.2000122070312,820.4000244140625,822.2999877929688
2026-07-13,09:25,821.9000244140625,827.9000244140625,821.2999877929688,826.4000244140625
2026-07-13,09:30,826.4000244140625,826.7000122070312,819.5,819.7000122070312
2026-07-13,09:35,819.5999755859375,822.5999755859375,816.0999755859375,816.7000122070312
2026-07-13,09:40,817.0,818.4000244140625,812.0999755859375,813.0
2026-07-13,09:45,812.7999877929688,816.5999755859375,811.0999755859375,811.0999755859375
2026-07-13,09:50,811.0999755859375,813.0,807.0999755859375,808.0
2026-07-13,09:55,807.7999877929688,809.2000122070312,803.0999755859375,806.2000122070312
2026-07-13,10:00,806.2999877929688,810.0,803.9000244140625,804.7999877929688
2026-07-13,10:05,805.0999755859375,805.4000244140625,800.9000244140625,800.9000244140625
2026-07-13,10:10,800.7999877929688,804.5,800.0999755859375,801.5
2026-07-13,10:15,801.5,804.7999877929688,798.4000244140625,799.5
2026-07-13,10:20,799.7000122070312,801.5,797.2999877929688,798.2999877929688
2026-07-13,10:25,798.5999755859375,799.5,796.2999877929688,797.7000122070312
2026-07-13,10:30,797.0999755859375,797.5,792.9000244140625,794.5
2026-07-13,10:35,794.7000122070312,799.5999755859375,794.0,797.9000244140625
2026-07-13,10:40,798.0,798.2999877929688,791.9000244140625,793.0
2026-07-13,10:45,793.0,793.5,788.7000122070312,788.7000122070312
2026-07-13,10:50,788.5999755859375,789.9000244140625,786.7999877929688,789.2999877929688
2026-07-13,10:55,789.5999755859375,791.2000122070312,786.7000122070312,790.7000122070312
2026-07-13,11:00,791.2000122070312,792.4000244140625,786.5999755859375,787.2999877929688
2026-07-13,11:05,787.0999755859375,790.5999755859375,786.5,789.7999877929688
2026-07-13,11:10,789.7999877929688,794.2999877929688,789.7000122070312,791.4000244140625
2026-07-13,11:15,791.5,793.7000122070312,790.4000244140625,793.5999755859375
2026-07-13,11:20,793.7000122070312,798.2999877929688,793.2000122070312,797.4000244140625
2026-07-13,11:25,797.7999877929688,801.0999755859375,797.2000122070312,799.9000244140625
2026-07-13,11:30,800.0999755859375,800.0999755859375,800.0999755859375,800.0999755859375
2026-07-13,12:30,792.7000122070312,792.7000122070312,788.2999877929688,789.4000244140625
2026-07-13,12:35,789.2000122070312,790.4000244140625,786.7000122070312,789.2000122070312
2026-07-13,12:40,789.2999877929688,791.7999877929688,786.0,786.5999755859375
2026-07-13,12:45,786.2999877929688,788.2999877929688,786.0,787.7999877929688
2026-07-13,12:50,788.0,788.7999877929688,785.0999755859375,786.0
2026-07-13,12:55,786.0999755859375,786.5999755859375,783.4000244140625,784.5
2026-07-13,13:00,784.4000244140625,784.4000244140625,780.2000122070312,780.5999755859375
2026-07-13,13:05,780.5999755859375,782.7000122070312,779.2999877929688,780.7999877929688
2026-07-13,13:10,780.9000244140625,781.7999877929688,779.7000122070312,780.9000244140625
2026-07-13,13:15,780.7999877929688,783.0,779.9000244140625,782.4000244140625
2026-07-13,13:20,782.2999877929688,784.5999755859375,781.5999755859375,783.9000244140625
2026-07-13,13:25,783.5999755859375,783.5999755859375,780.5,782.4000244140625
2026-07-13,13:30,782.7000122070312,784.2999877929688,781.7999877929688,781.7999877929688
2026-07-13,13:35,781.9000244140625,782.0999755859375,780.2999877929688,782.0999755859375
2026-07-13,13:40,782.0,782.0999755859375,779.7000122070312,780.0999755859375
2026-07-13,13:45,779.9000244140625,780.5999755859375,779.0,779.0999755859375
2026-07-13,13:50,779.2000122070312,779.2000122070312,777.9000244140625,779.0
2026-07-13,13:55,779.0999755859375,780.9000244140625,778.7000122070312,779.5
2026-07-13,14:00,779.2999877929688,781.7999877929688,777.9000244140625,780.2999877929688
2026-07-13,14:05,780.5,785.0,780.0,784.7999877929688
2026-07-13,14:10,784.7999877929688,786.2999877929688,782.2999877929688,783.0
2026-07-13,14:15,783.5,783.5,778.7999877929688,778.9000244140625
2026-07-13,14:20,779.2999877929688,779.7999877929688,775.0999755859375,775.2000122070312
2026-07-13,14:25,775.5,777.0999755859375,775.0999755859375,775.7999877929688
2026-07-13,14:30,775.9000244140625,780.0,772.4000244140625,780.0
2026-07-13,14:35,779.7999877929688,785.7000122070312,779.7999877929688,785.2000122070312
2026-07-13,14:40,785.0,786.2999877929688,781.7000122070312,783.2999877929688
2026-07-13,14:45,783.7000122070312,785.0,781.7000122070312,784.0
2026-07-13,14:50,784.0,787.7000122070312,784.0,785.5999755859375
2026-07-13,14:55,785.2999877929688,788.0999755859375,785.2999877929688,787.5999755859375
2026-07-13,15:00,788.0,789.0999755859375,786.0999755859375,787.0999755859375
2026-07-13,15:05,787.9000244140625,788.0,783.5999755859375,785.5
2026-07-13,15:10,786.0,786.2999877929688,782.5,783.2999877929688
2026-07-13,15:15,783.0,784.7000122070312,781.4000244140625,782.0999755859375
2026-07-13,15:20,781.7000122070312,783.9000244140625,781.2999877929688,783.7999877929688
2026-07-14,09:05,769.9000244140625,773.7999877929688,763.4000244140625,769.2000122070312
2026-07-14,09:10,769.5,784.2999877929688,769.2000122070312,783.4000244140625
2026-07-14,09:15,783.4000244140625,784.5,771.0,771.0
2026-07-14,09:20,771.2000122070312,779.5,767.5999755859375,779.5
2026-07-14,09:25,778.9000244140625,778.9000244140625,771.2000122070312,774.5999755859375
2026-07-14,09:30,774.7000122070312,781.0,773.2000122070312,778.2999877929688
2026-07-14,09:35,778.4000244140625,782.5,774.5999755859375,775.9000244140625
2026-07-14,09:40,776.7999877929688,779.5,770.4000244140625,771.4000244140625
2026-07-14,09:45,771.4000244140625,778.5,771.2999877929688,778.0
2026-07-14,09:50,778.2000122070312,783.4000244140625,778.0,783.4000244140625
2026-07-14,09:55,782.5999755859375,789.9000244140625,782.2999877929688,788.2999877929688
2026-07-14,10:00,788.7000122070312,790.7999877929688,787.5,790.0
2026-07-14,10:05,790.0,791.5999755859375,787.5,787.5
2026-07-14,10:10,788.2999877929688,788.4000244140625,783.5,784.0
2026-07-14,10:15,783.9000244140625,790.0999755859375,783.2999877929688,789.0
2026-07-14,10:20,789.0999755859375,789.4000244140625,785.4000244140625,788.0999755859375
2026-07-14,10:25,788.0,792.9000244140625,787.5,791.5999755859375
2026-07-14,10:30,792.0,792.2999877929688,786.5999755859375,786.9000244140625
2026-07-14,10:35,787.2999877929688,787.5999755859375,784.0999755859375,786.7999877929688
2026-07-14,10:40,787.0,789.0999755859375,783.7000122070312,787.9000244140625
2026-07-14,10:45,788.4000244140625,790.2000122070312,786.7000122070312,789.5
2026-07-14,10:50,789.0,790.0,784.7999877929688,785.5999755859375
2026-07-14,10:55,785.0,785.2999877929688,779.0,780.2000122070312
2026-07-14,11:00,780.2000122070312,783.5,779.0,781.2999877929688
2026-07-14,11:05,781.5,782.7999877929688,779.5,779.5999755859375
2026-07-14,11:10,779.5,779.9000244140625,774.2000122070312,774.2000122070312
2026-07-14,11:15,774.5,777.2999877929688,772.5999755859375,773.0
2026-07-14,11:20,772.5,774.9000244140625,771.2999877929688,771.7000122070312
2026-07-14,11:25,771.5999755859375,773.5,769.7999877929688,773.5
2026-07-14,11:30,773.4000244140625,773.4000244140625,773.4000244140625,773.4000244140625
2026-07-14,12:30,774.7000122070312,778.0,773.4000244140625,774.2000122070312
2026-07-14,12:35,774.2999877929688,779.7999877929688,774.2999877929688,779.0999755859375
2026-07-14,12:40,778.9000244140625,778.9000244140625,773.7000122070312,776.0
2026-07-14,12:45,775.9000244140625,780.4000244140625,774.7000122070312,778.0999755859375
2026-07-14,12:50,778.0,783.0,777.7000122070312,781.7999877929688
2026-07-14,12:55,781.7999877929688,783.2000122070312,780.4000244140625,781.7000122070312
2026-07-14,13:00,782.0,783.5,779.7999877929688,782.2999877929688
2026-07-14,13:05,782.5,783.7000122070312,777.7000122070312,778.0999755859375
2026-07-14,13:10,777.7000122070312,777.9000244140625,775.2000122070312,777.0
2026-07-14,13:15,776.4000244140625,777.0999755859375,775.0999755859375,776.0
2026-07-14,13:20,775.7000122070312,779.4000244140625,775.7000122070312,778.2000122070312
2026-07-14,13:25,778.2999877929688,780.9000244140625,777.7000122070312,780.5
2026-07-14,13:30,780.4000244140625,782.5999755859375,779.4000244140625,782.5999755859375
2026-07-14,13:35,782.5999755859375,786.2000122070312,782.5,785.9000244140625
2026-07-14,13:40,785.5,787.4000244140625,784.5,785.5999755859375
2026-07-14,13:45,785.5999755859375,788.5,785.5999755859375,788.2000122070312
2026-07-14,13:50,788.0,789.0,785.2999877929688,788.5
2026-07-14,13:55,788.7000122070312,791.2999877929688,788.7000122070312,790.2999877929688
2026-07-14,14:00,790.2000122070312,791.0999755859375,788.2000122070312,791.0999755859375
2026-07-14,14:05,790.5,792.5999755859375,790.4000244140625,792.0999755859375
2026-07-14,14:10,792.2999877929688,795.0,792.0999755859375,794.7000122070312
2026-07-14,14:15,794.7999877929688,795.0999755859375,792.4000244140625,793.7000122070312
2026-07-14,14:20,793.9000244140625,796.9000244140625,793.5,796.5999755859375
2026-07-14,14:25,796.5,797.4000244140625,795.9000244140625,796.5
2026-07-14,14:30,796.5999755859375,799.2999877929688,796.2000122070312,796.2999877929688
2026-07-14,14:35,796.0999755859375,797.7999877929688,794.7999877929688,795.0
2026-07-14,14:40,795.2000122070312,795.7000122070312,792.2000122070312,795.5
2026-07-14,14:45,795.7999877929688,796.7999877929688,794.5,796.2999877929688
2026-07-14,14:50,796.0,796.2000122070312,794.7999877929688,796.2000122070312
2026-07-14,14:55,796.0,796.2999877929688,794.5,795.0999755859375
2026-07-14,15:00,794.7000122070312,796.2000122070312,794.0999755859375,795.2000122070312
2026-07-14,15:05,795.5,796.9000244140625,794.7999877929688,796.5
2026-07-14,15:10,796.2000122070312,797.5,795.7000122070312,796.5999755859375
2026-07-14,15:15,796.5,798.5999755859375,796.2999877929688,798.5
2026-07-14,15:20,798.2999877929688,798.2999877929688,797.0,797.0
2026-07-15,09:05,811.2000122070312,812.5,807.5999755859375,810.7000122070312
2026-07-15,09:10,811.0999755859375,819.2999877929688,810.7000122070312,818.7999877929688
2026-07-15,09:15,818.7999877929688,822.0999755859375,818.4000244140625,820.4000244140625
2026-07-15,09:20,820.7000122070312,821.4000244140625,816.9000244140625,818.0999755859375
2026-07-15,09:25,818.0,819.0,815.7000122070312,818.5
2026-07-15,09:30,818.7000122070312,819.4000244140625,813.7999877929688,815.2999877929688
2026-07-15,09:35,815.2000122070312,815.2000122070312,809.5999755859375,812.0
2026-07-15,09:40,812.0,813.0,806.0,806.7999877929688
2026-07-15,09:45,806.9000244140625,810.5999755859375,805.7000122070312,808.4000244140625
2026-07-15,09:50,808.2999877929688,810.2999877929688,807.7999877929688,809.5999755859375
2026-07-15,09:55,809.7000122070312,812.0999755859375,809.0999755859375,809.4000244140625
2026-07-15,10:00,810.0,810.4000244140625,804.0,807.4000244140625
2026-07-15,10:05,807.2000122070312,808.0,803.0999755859375,804.2000122070312
2026-07-15,10:10,803.7999877929688,804.5,801.2999877929688,802.2000122070312
2026-07-15,10:15,801.9000244140625,805.0,801.0999755859375,803.2000122070312
2026-07-15,10:20,803.5,804.7000122070312,801.2999877929688,802.5999755859375
2026-07-15,10:25,802.2999877929688,805.4000244140625,800.5999755859375,803.5999755859375
2026-07-15,10:30,803.5,804.9000244140625,799.5,801.9000244140625
2026-07-15,10:35,802.0,806.0999755859375,801.0,805.7000122070312
2026-07-15,10:40,805.5,805.5,800.2999877929688,800.4000244140625
2026-07-15,10:45,800.5,806.2999877929688,800.5,805.9000244140625
2026-07-15,10:50,805.7999877929688,808.2000122070312,804.7999877929688,808.2000122070312
2026-07-15,10:55,807.9000244140625,811.5,807.7000122070312,811.5
2026-07-15,11:00,811.4000244140625,812.4000244140625,810.5,811.2999877929688
2026-07-15,11:05,811.2000122070312,813.2999877929688,810.2999877929688,811.9000244140625
2026-07-15,11:10,811.7999877929688,812.2000122070312,809.7999877929688,811.9000244140625
2026-07-15,11:15,812.0,812.9000244140625,811.2999877929688,811.7999877929688
2026-07-15,11:20,811.7999877929688,813.4000244140625,810.9000244140625,811.5
2026-07-15,11:25,811.7000122070312,812.0,810.9000244140625,811.7000122070312
2026-07-15,11:30,812.0,812.0,812.0,812.0
2026-07-15,12:30,815.4000244140625,817.9000244140625,815.0,815.2999877929688
2026-07-15,12:35,815.2000122070312,816.2999877929688,814.5,814.5
2026-07-15,12:40,814.5,815.5,813.2000122070312,813.2000122070312
2026-07-15,12:45,813.2000122070312,815.5,813.2000122070312,815.5
2026-07-15,12:50,815.7000122070312,817.0,815.7000122070312,816.7000122070312
2026-07-15,12:55,816.7999877929688,818.4000244140625,816.7000122070312,817.7000122070312
2026-07-15,13:00,817.9000244140625,819.4000244140625,817.9000244140625,819.0
2026-07-15,13:05,819.0,819.5,815.7999877929688,816.0999755859375
2026-07-15,13:10,816.2000122070312,817.5,816.0,817.0999755859375
2026-07-15,13:15,817.0999755859375,817.2999877929688,816.2000122070312,816.5999755859375
2026-07-15,13:20,816.5999755859375,817.5999755859375,815.7999877929688,817.2000122070312
2026-07-15,13:25,817.5,817.5999755859375,815.2999877929688,815.4000244140625
2026-07-15,13:30,815.4000244140625,816.5,814.7000122070312,815.0
2026-07-15,13:35,815.2999877929688,817.7000122070312,815.2999877929688,817.4000244140625
2026-07-15,13:40,817.5,817.9000244140625,816.2000122070312,816.2000122070312
2026-07-15,13:45,816.9000244140625,817.5999755859375,816.4000244140625,817.5
2026-07-15,13:50,817.0999755859375,817.2999877929688,816.4000244140625,816.7999877929688
2026-07-15,13:55,816.7000122070312,817.7999877929688,816.0999755859375,817.7999877929688
2026-07-15,14:00,817.9000244140625,822.5999755859375,815.5,816.5999755859375
2026-07-15,14:05,816.5999755859375,818.2999877929688,812.7999877929688,818.2999877929688
2026-07-15,14:10,818.5,819.0,814.4000244140625,814.5999755859375
2026-07-15,14:15,814.4000244140625,816.7999877929688,813.7000122070312,816.2999877929688
2026-07-15,14:20,815.9000244140625,817.4000244140625,815.0,815.5999755859375
2026-07-15,14:25,815.2000122070312,815.5,813.5999755859375,814.0
2026-07-15,14:30,814.0,814.7999877929688,812.5999755859375,814.5999755859375
2026-07-15,14:35,814.7999877929688,816.4000244140625,814.2000122070312,816.4000244140625
2026-07-15,14:40,816.0999755859375,816.7999877929688,815.2000122070312,816.0
2026-07-15,14:45,815.9000244140625,819.0,815.7999877929688,818.0999755859375
2026-07-15,14:50,818.0999755859375,819.4000244140625,817.0,819.2000122070312
2026-07-15,14:55,819.2999877929688,820.5,819.2000122070312,820.2999877929688
2026-07-15,15:00,820.4000244140625,821.0999755859375,820.0999755859375,820.9000244140625
2026-07-15,15:05,820.7000122070312,821.4000244140625,820.2999877929688,820.5999755859375
2026-07-15,15:10,820.7000122070312,821.0999755859375,819.9000244140625,820.0999755859375
2026-07-15,15:15,820.0,820.0,817.7999877929688,819.5
2026-07-15,15:20,819.2999877929688,819.2999877929688,818.4000244140625,818.7999877929688
2026-07-15,15:25,818.7999877929688,818.7999877929688,818.7999877929688,818.7999877929688
2026-07-16,09:05,793.9000244140625,794.4000244140625,786.7999877929688,787.5999755859375
2026-07-16,09:10,787.7000122070312,789.2000122070312,784.0,788.7999877929688
2026-07-16,09:15,788.9000244140625,789.4000244140625,779.2000122070312,779.2999877929688
2026-07-16,09:20,779.2000122070312,783.0999755859375,778.5999755859375,779.5999755859375
2026-07-16,09:25,779.5999755859375,780.5,777.2999877929688,777.9000244140625
2026-07-16,09:30,777.7000122070312,780.9000244140625,775.0999755859375,779.0
2026-07-16,09:35,778.5999755859375,779.9000244140625,774.5999755859375,775.2000122070312
2026-07-16,09:40,775.0,775.0,769.4000244140625,769.5
2026-07-16,09:45,769.2999877929688,772.7000122070312,768.5,771.7000122070312
2026-07-16,09:50,772.2999877929688,777.2999877929688,771.2999877929688,775.7000122070312
2026-07-16,09:55,775.4000244140625,775.4000244140625,770.0999755859375,772.0
2026-07-16,10:00,772.5,773.0,768.9000244140625,771.2999877929688
2026-07-16,10:05,771.2000122070312,774.2000122070312,769.5,772.7999877929688
2026-07-16,10:10,772.5999755859375,773.2999877929688,768.0,770.5999755859375
2026-07-16,10:15,770.5999755859375,771.9000244140625,768.5,768.5
2026-07-16,10:20,768.5,773.0,768.4000244140625,771.5999755859375
2026-07-16,10:25,771.4000244140625,773.5,770.0,770.5
2026-07-16,10:30,770.9000244140625,773.0,767.9000244140625,770.2000122070312
2026-07-16,10:35,770.2999877929688,774.0,770.2000122070312,771.7999877929688
2026-07-16,10:40,772.0,773.2000122070312,768.5999755859375,770.5
2026-07-16,10:45,770.4000244140625,777.9000244140625,769.9000244140625,777.2999877929688
2026-07-16,10:50,777.2000122070312,777.7999877929688,774.0,776.2000122070312
2026-07-16,10:55,776.5999755859375,779.0,772.2000122070312,773.7000122070312
2026-07-16,11:00,773.4000244140625,773.7999877929688,768.4000244140625,768.5999755859375
2026-07-16,11:05,768.5,771.2000122070312,767.2000122070312,769.7999877929688
2026-07-16,11:10,769.5999755859375,772.0999755859375,768.4000244140625,769.5
2026-07-16,11:15,769.5999755859375,771.5,768.0999755859375,771.4000244140625
2026-07-16,11:20,771.0,773.5,769.7999877929688,773.5
2026-07-16,11:25,773.0,775.0,772.7999877929688,775.0
2026-07-16,11:30,775.2000122070312,775.2000122070312,775.2000122070312,775.2000122070312
2026-07-16,12:30,776.0,782.2000122070312,775.2000122070312,780.9000244140625
2026-07-16,12:35,780.9000244140625,781.4000244140625,778.2000122070312,778.4000244140625
2026-07-16,12:40,779.2000122070312,781.4000244140625,779.0999755859375,781.0
2026-07-16,12:45,781.2999877929688,782.0999755859375,779.0,779.2000122070312
2026-07-16,12:50,779.2999877929688,783.4000244140625,779.2999877929688,782.7999877929688
2026-07-16,12:55,783.0,783.5999755859375,781.7000122070312,783.5
2026-07-16,13:00,783.7000122070312,784.5999755859375,780.5999755859375,781.2000122070312
2026-07-16,13:05,781.0999755859375,783.0,780.7000122070312,781.0999755859375
2026-07-16,13:10,781.0,784.5,781.0,784.2999877929688
2026-07-16,13:15,784.2000122070312,784.2999877929688,781.2000122070312,781.5
2026-07-16,13:20,781.4000244140625,781.7999877929688,778.2999877929688,780.0
2026-07-16,13:25,779.7999877929688,780.2999877929688,777.9000244140625,778.2000122070312
2026-07-16,13:30,778.0999755859375,778.5,776.7000122070312,777.7000122070312
2026-07-16,13:35,777.4000244140625,777.7000122070312,774.7000122070312,775.0
2026-07-16,13:40,774.7000122070312,775.2000122070312,773.7000122070312,773.9000244140625
2026-07-16,13:45,773.7999877929688,774.5,772.7000122070312,774.0
2026-07-16,13:50,774.2999877929688,774.7000122070312,773.0,774.5
2026-07-16,13:55,774.2999877929688,775.2999877929688,773.4000244140625,773.7999877929688
2026-07-16,14:00,774.5,775.5,773.7999877929688,774.2000122070312
2026-07-16,14:05,774.5,774.7999877929688,772.2000122070312,772.9000244140625
2026-07-16,14:10,772.5,776.7999877929688,771.9000244140625,776.5
2026-07-16,14:15,776.7999877929688,778.4000244140625,775.7999877929688,777.0999755859375
2026-07-16,14:20,777.2000122070312,778.5999755859375,776.0999755859375,777.7000122070312
2026-07-16,14:25,777.7999877929688,780.4000244140625,777.7000122070312,780.4000244140625
2026-07-16,14:30,780.5,783.0,772.0999755859375,772.5999755859375
2026-07-16,14:35,772.7000122070312,775.2000122070312,769.5999755859375,775.2000122070312
2026-07-16,14:40,774.2000122070312,774.2000122070312,772.5,773.0
2026-07-16,14:45,773.2000122070312,774.0999755859375,771.7999877929688,772.0999755859375
2026-07-16,14:50,772.4000244140625,772.9000244140625,771.4000244140625,771.7999877929688
2026-07-16,14:55,771.9000244140625,773.0999755859375,770.5999755859375,771.2000122070312
2026-07-16,15:00,771.4000244140625,774.2999877929688,771.0999755859375,771.7000122070312
2026-07-16,15:05,771.5999755859375,776.7000122070312,768.2999877929688,776.2999877929688
2026-07-16,15:10,776.2999877929688,776.5,773.7000122070312,775.7999877929688
2026-07-16,15:15,776.0,780.0,775.2000122070312,779.7000122070312
2026-07-16,15:20,779.7000122070312,780.4000244140625,777.2999877929688,777.5
2026-07-17,09:05,742.7999877929688,743.9000244140625,733.7000122070312,734.0999755859375
2026-07-17,09:10,734.0,735.2999877929688,726.7000122070312,727.5999755859375
2026-07-17,09:15,727.7000122070312,738.5,727.0,732.0999755859375
2026-07-17,09:20,731.9000244140625,737.0,728.2000122070312,728.7000122070312
2026-07-17,09:25,728.4000244140625,728.5999755859375,721.5,722.2999877929688
2026-07-17,09:30,722.2000122070312,723.2999877929688,719.4000244140625,720.2999877929688
2026-07-17,09:35,720.5999755859375,721.4000244140625,717.9000244140625,718.7000122070312
2026-07-17,09:40,718.7000122070312,719.5999755859375,712.9000244140625,714.2999877929688
2026-07-17,09:45,714.2999877929688,721.2999877929688,713.5,721.2999877929688
2026-07-17,09:50,720.9000244140625,728.9000244140625,720.2999877929688,728.9000244140625
2026-07-17,09:55,729.0,731.2999877929688,725.2999877929688,725.7000122070312
2026-07-17,10:00,726.0,732.9000244140625,724.4000244140625,725.5
2026-07-17,10:05,725.5999755859375,729.2000122070312,723.2000122070312,728.7999877929688
2026-07-17,10:10,729.2000122070312,734.2000122070312,729.2000122070312,731.2000122070312
2026-07-17,10:15,731.4000244140625,734.0999755859375,729.2999877929688,729.7999877929688
2026-07-17,10:20,729.0999755859375,729.4000244140625,723.7999877929688,724.2999877929688
2026-07-17,10:25,724.5999755859375,725.0999755859375,722.2000122070312,723.0
2026-07-17,10:30,723.0,723.0,716.9000244140625,717.2000122070312
2026-07-17,10:35,717.0,718.2000122070312,716.0,717.2000122070312
2026-07-17,10:40,717.0,718.7999877929688,714.2000122070312,715.2999877929688
2026-07-17,10:45,715.2999877929688,715.5,713.0999755859375,713.7000122070312
2026-07-17,10:50,713.7000122070312,716.2000122070312,713.2000122070312,714.5999755859375
2026-07-17,10:55,714.4000244140625,715.5999755859375,713.0999755859375,714.4000244140625
2026-07-17,11:00,714.2999877929688,716.4000244140625,713.2999877929688,715.0
2026-07-17,11:05,715.0,715.2999877929688,711.0,711.0
2026-07-17,11:10,711.2000122070312,713.4000244140625,710.5999755859375,713.2999877929688
2026-07-17,11:15,713.2000122070312,713.2999877929688,710.5999755859375,711.0
2026-07-17,11:20,710.7999877929688,712.0,709.7999877929688,710.5
2026-07-17,11:25,710.4000244140625,712.0,709.0999755859375,710.5
2026-07-17,11:30,711.0,711.0,711.0,711.0
2026-07-17,12:30,717.2000122070312,717.2000122070312,709.0,710.2000122070312
2026-07-17,12:35,710.2999877929688,713.5,709.7999877929688,711.0
2026-07-17,12:40,710.5999755859375,711.2000122070312,709.2000122070312,711.0
2026-07-17,12:45,710.9000244140625,711.0,707.5999755859375,708.2000122070312
2026-07-17,12:50,708.0,708.0,705.0,705.7999877929688
2026-07-17,12:55,705.5,706.2000122070312,703.0,703.5
2026-07-17,13:00,703.2999877929688,704.0,700.0999755859375,700.5
2026-07-17,13:05,700.4000244140625,702.0,699.7999877929688,700.4000244140625
2026-07-17,13:10,700.2999877929688,700.7000122070312,698.7000122070312,699.7000122070312
2026-07-17,13:15,699.7999877929688,700.2000122070312,696.4000244140625,697.2999877929688
2026-07-17,13:20,697.0999755859375,698.5999755859375,692.7999877929688,693.5
2026-07-17,13:25,693.4000244140625,693.5999755859375,687.9000244140625,690.0
2026-07-17,13:30,690.0,691.2000122070312,685.7000122070312,685.7000122070312
2026-07-17,13:35,686.0999755859375,687.0999755859375,683.2000122070312,683.5
2026-07-17,13:40,683.5,690.4000244140625,679.5,689.2999877929688
2026-07-17,13:45,689.5,694.7000122070312,687.4000244140625,693.5999755859375
2026-07-17,13:50,693.5999755859375,695.9000244140625,691.2999877929688,695.5
2026-07-17,13:55,695.7000122070312,695.7999877929688,691.7999877929688,692.0999755859375
2026-07-21,09:00,726.0,726.2999877929688,715.7000122070312,723.5
2026-07-21,09:05,723.7000122070312,726.0,714.5,718.0999755859375
2026-07-21,09:10,718.0,728.0999755859375,715.9000244140625,724.0
2026-07-21,09:15,724.0999755859375,731.0999755859375,717.7999877929688,731.0999755859375
2026-07-21,09:20,730.5999755859375,730.9000244140625,726.5999755859375,729.0999755859375
2026-07-21,09:25,729.0,733.2999877929688,727.0,730.7999877929688
2026-07-21,09:30,731.0999755859375,735.2000122070312,730.4000244140625,733.2000122070312
2026-07-21,09:35,733.4000244140625,733.7999877929688,728.7999877929688,732.0
2026-07-21,09:40,731.9000244140625,732.7000122070312,727.2000122070312,729.2000122070312
2026-07-21,09:45,729.5999755859375,731.0999755859375,725.5999755859375,729.0
2026-07-21,09:50,728.7999877929688,731.4000244140625,727.9000244140625,729.0
2026-07-21,09:55,729.2999877929688,731.2000122070312,727.5999755859375,728.5
2026-07-21,10:00,728.7000122070312,728.7000122070312,722.9000244140625,728.5
2026-07-21,10:05,728.5999755859375,732.7999877929688,726.7999877929688,732.2999877929688
2026-07-21,10:10,732.2999877929688,736.5,731.2000122070312,736.2000122070312
2026-07-21,10:15,736.2000122070312,740.7999877929688,734.4000244140625,739.2999877929688
2026-07-21,10:20,738.7000122070312,740.5999755859375,737.2000122070312,738.7999877929688
2026-07-21,10:25,739.0,742.2999877929688,738.0,742.0
2026-07-21,10:30,742.2999877929688,745.0,742.0999755859375,744.2999877929688
2026-07-21,10:35,744.5,746.2999877929688,739.7999877929688,740.0
2026-07-21,10:40,739.9000244140625,741.5999755859375,735.7999877929688,736.2999877929688
2026-07-21,10:45,736.2999877929688,740.9000244140625,735.7999877929688,739.5
2026-07-21,10:50,739.7999877929688,740.0999755859375,737.2999877929688,739.2999877929688
2026-07-21,10:55,739.4000244140625,739.5999755859375,736.0,736.9000244140625
2026-07-21,11:00,737.2000122070312,740.5999755859375,736.0999755859375,739.2999877929688
2026-07-21,11:05,739.2999877929688,741.0,734.7999877929688,735.4000244140625
2026-07-21,11:10,735.5,736.5,733.2999877929688,735.0
2026-07-21,11:15,734.7999877929688,735.7000122070312,732.2999877929688,733.0
2026-07-21,11:20,733.0,738.9000244140625,733.0,738.5
2026-07-21,11:25,738.5999755859375,739.4000244140625,736.5999755859375,737.5
2026-07-21,11:30,737.5,737.5,737.5,737.5
2026-07-21,12:30,744.5,747.2000122070312,743.2000122070312,747.0999755859375
2026-07-21,12:35,747.0999755859375,748.7000122070312,747.0,747.9000244140625
2026-07-21,12:40,747.9000244140625,749.7000122070312,747.7999877929688,749.4000244140625
2026-07-21,12:45,749.5999755859375,751.9000244140625,749.5999755859375,751.9000244140625
2026-07-21,12:50,751.9000244140625,752.5999755859375,750.0,750.2999877929688
2026-07-21,12:55,750.2999877929688,753.7000122070312,750.2000122070312,753.7000122070312
2026-07-21,13:00,753.5999755859375,754.7000122070312,751.9000244140625,752.4000244140625
2026-07-21,13:05,752.2999877929688,753.7000122070312,751.5999755859375,752.2000122070312
2026-07-21,13:10,752.0,752.7999877929688,749.7000122070312,750.4000244140625
2026-07-21,13:15,750.2000122070312,751.2000122070312,747.7000122070312,747.9000244140625
2026-07-21,13:20,747.9000244140625,749.9000244140625,747.9000244140625,749.0999755859375
2026-07-21,13:25,749.0999755859375,750.5999755859375,748.2000122070312,750.5999755859375
2026-07-21,13:30,750.7000122070312,751.7999877929688,749.7000122070312,751.7999877929688
2026-07-21,13:35,751.7999877929688,753.0999755859375,751.5,751.7999877929688
2026-07-21,13:40,752.0,752.7000122070312,750.9000244140625,752.2000122070312
2026-07-21,13:45,752.4000244140625,754.2999877929688,751.7999877929688,753.7000122070312
2026-07-21,13:50,753.7000122070312,754.0999755859375,750.5,750.7000122070312
2026-07-21,13:55,750.4000244140625,751.7999877929688,749.2999877929688,750.5999755859375
2026-07-21,14:00,751.0,752.2000122070312,750.7000122070312,751.9000244140625
2026-07-21,14:05,752.0,752.2000122070312,750.9000244140625,752.0
2026-07-21,14:10,751.5,751.9000244140625,748.0999755859375,748.2999877929688
2026-07-21,14:15,748.2999877929688,748.2999877929688,745.7999877929688,746.2000122070312
2026-07-21,14:20,746.5,749.0,746.0999755859375,748.5999755859375
2026-07-21,14:25,748.4000244140625,751.0,748.2000122070312,751.0
2026-07-21,14:30,751.0999755859375,751.7999877929688,749.2000122070312,750.7000122070312
2026-07-21,14:35,751.0,752.7000122070312,750.7000122070312,752.0
2026-07-21,14:40,752.0999755859375,753.7999877929688,752.0999755859375,753.5999755859375
2026-07-21,14:45,753.5999755859375,755.7999877929688,752.7000122070312,755.5
2026-07-21,14:50,755.5999755859375,756.0999755859375,754.7999877929688,755.7999877929688
2026-07-21,14:55,755.7999877929688,756.0999755859375,753.4000244140625,753.7999877929688
2026-07-21,15:00,754.0,756.2999877929688,754.0,755.7000122070312
2026-07-21,15:05,755.5999755859375,756.0,754.4000244140625,755.0999755859375
2026-07-21,15:10,754.7000122070312,756.4000244140625,754.4000244140625,755.7999877929688
2026-07-21,15:15,755.7000122070312,755.7000122070312,753.0999755859375,753.7999877929688
2026-07-21,15:20,753.4000244140625,755.9000244140625,753.0999755859375,755.0
2026-07-22,09:05,783.7999877929688,787.4000244140625,782.7000122070312,784.2000122070312
2026-07-22,09:10,784.5,787.2999877929688,782.7999877929688,786.4000244140625
2026-07-22,09:15,786.7999877929688,787.2999877929688,780.2999877929688,784.7000122070312
2026-07-22,09:20,784.9000244140625,786.5999755859375,780.5,784.5
2026-07-22,09:25,784.5,788.5,784.4000244140625,787.5
2026-07-22,09:30,787.7000122070312,788.7000122070312,781.7999877929688,783.7999877929688
2026-07-22,09:35,783.5999755859375,788.5999755859375,783.2999877929688,787.7999877929688
2026-07-22,09:40,787.5999755859375,789.9000244140625,786.9000244140625,788.0
2026-07-22,09:45,787.7000122070312,788.7999877929688,781.7000122070312,785.0
2026-07-22,09:50,784.2999877929688,785.0,779.7999877929688,780.0
2026-07-22,09:55,780.0,785.0,779.5999755859375,784.4000244140625
2026-07-22,10:00,784.7000122070312,785.4000244140625,781.2000122070312,782.7000122070312
2026-07-22,10:05,782.2000122070312,784.0,779.0999755859375,780.0999755859375
2026-07-22,10:10,779.5999755859375,781.5,779.0,781.0999755859375
2026-07-22,10:15,781.2999877929688,784.7000122070312,781.2999877929688,784.5
2026-07-22,10:20,784.4000244140625,785.7000122070312,783.0999755859375,784.2999877929688
2026-07-22,10:25,784.5,788.5,784.5,785.5999755859375
2026-07-22,10:30,785.4000244140625,788.5999755859375,784.2000122070312,788.2000122070312
2026-07-22,10:35,787.9000244140625,788.5,786.7000122070312,787.0999755859375
2026-07-22,10:40,787.5999755859375,788.2999877929688,785.0,786.2000122070312
2026-07-22,10:45,786.2999877929688,787.5,785.7999877929688,787.5
2026-07-22,10:50,787.5999755859375,788.7999877929688,786.7000122070312,788.2999877929688
2026-07-22,10:55,788.0999755859375,789.4000244140625,787.5,788.2000122070312
2026-07-22,11:00,788.2000122070312,788.9000244140625,786.5,788.0
2026-07-22,11:05,788.0,788.2999877929688,784.2999877929688,785.0999755859375
2026-07-22,11:10,785.2999877929688,786.0,784.0999755859375,785.2000122070312
2026-07-22,11:15,785.2000122070312,787.2999877929688,785.0,785.7999877929688
2026-07-22,11:20,785.7000122070312,786.2000122070312,784.2000122070312,786.2000122070312
2026-07-22,11:25,786.0999755859375,787.5,784.7000122070312,786.9000244140625
2026-07-22,11:30,786.7000122070312,786.7000122070312,786.7000122070312,786.7000122070312
2026-07-22,12:30,783.4000244140625,784.7000122070312,777.7000122070312,778.4000244140625
2026-07-22,12:35,778.5999755859375,779.7000122070312,776.7000122070312,777.4000244140625
2026-07-22,12:40,777.4000244140625,778.2000122070312,774.9000244140625,775.5
2026-07-22,12:45,775.7000122070312,778.5,775.7000122070312,776.2999877929688
2026-07-22,12:50,776.2999877929688,776.2999877929688,771.0,773.0
2026-07-22,12:55,773.0999755859375,774.7000122070312,771.0999755859375,774.5999755859375
2026-07-22,13:00,774.9000244140625,776.0999755859375,773.0,775.4000244140625
2026-07-22,13:05,775.5,776.5999755859375,774.4000244140625,775.9000244140625
2026-07-22,13:10,776.0,777.0,773.7000122070312,774.2000122070312
2026-07-22,13:15,774.0999755859375,776.9000244140625,774.0999755859375,776.2000122070312
2026-07-22,13:20,776.2000122070312,778.0,775.9000244140625,777.4000244140625
2026-07-22,13:25,777.2000122070312,777.7999877929688,776.5,777.2000122070312
2026-07-22,13:30,777.2000122070312,777.2000122070312,774.9000244140625,775.4000244140625
2026-07-22,13:35,775.4000244140625,776.0,774.7999877929688,775.5
2026-07-22,13:40,775.0,775.7999877929688,774.0,774.2000122070312
2026-07-22,13:45,774.0,774.5999755859375,772.0999755859375,773.5999755859375
2026-07-22,13:50,773.7999877929688,773.7999877929688,770.5999755859375,770.5999755859375
2026-07-22,13:55,770.5,771.0,768.4000244140625,771.0
2026-07-22,14:00,771.0999755859375,771.4000244140625,766.7999877929688,767.0
2026-07-22,14:05,767.0,767.2999877929688,764.0,764.0
2026-07-22,14:10,764.0,764.0,760.7999877929688,761.7000122070312
2026-07-22,14:15,761.2999877929688,762.0999755859375,759.7000122070312,760.5
2026-07-22,14:20,760.2999877929688,760.2999877929688,757.5,759.0
2026-07-22,14:25,759.2999877929688,762.2999877929688,759.0,760.7999877929688
2026-07-22,14:30,761.4000244140625,764.4000244140625,759.9000244140625,763.7999877929688
2026-07-22,14:35,763.5,763.7999877929688,758.7000122070312,761.2000122070312
2026-07-22,14:40,760.7999877929688,761.2999877929688,757.2000122070312,757.7999877929688
2026-07-22,14:45,757.9000244140625,760.7000122070312,757.5,759.5
2026-07-22,14:50,759.9000244140625,761.0999755859375,756.9000244140625,757.0999755859375
2026-07-22,14:55,757.0,759.2999877929688,756.7999877929688,759.0999755859375
2026-07-22,15:00,758.7999877929688,759.0999755859375,756.2000122070312,758.4000244140625
2026-07-22,15:05,757.7999877929688,758.0999755859375,755.5,757.0999755859375
2026-07-22,15:10,757.2999877929688,757.5,755.7000122070312,756.2000122070312
2026-07-22,15:15,756.2000122070312,756.2000122070312,754.4000244140625,754.9000244140625
2026-07-22,15:20,755.0,755.4000244140625,752.5,753.7000122070312
2026-07-23,09:05,774.2999877929688,775.0999755859375,771.9000244140625,772.0
2026-07-23,09:10,771.9000244140625,771.9000244140625,765.7000122070312,768.5999755859375
2026-07-23,09:15,768.5999755859375,769.9000244140625,764.7000122070312,766.2999877929688
2026-07-23,09:20,766.7000122070312,767.0,763.2000122070312,766.0
2026-07-23,09:25,766.0,771.0,766.0,768.0999755859375
2026-07-23,09:30,768.5,769.4000244140625,765.9000244140625,767.2999877929688
2026-07-23,09:35,767.9000244140625,770.9000244140625,767.5,770.9000244140625
2026-07-23,09:40,770.7999877929688,773.0999755859375,769.5999755859375,772.4000244140625
2026-07-23,09:45,772.5,774.2999877929688,772.0999755859375,773.0999755859375
2026-07-23,09:50,773.5999755859375,775.4000244140625,772.0999755859375,774.5999755859375
2026-07-23,09:55,774.4000244140625,775.5999755859375,773.2999877929688,775.0999755859375
2026-07-23,10:00,774.7999877929688,775.2000122070312,772.2000122070312,773.2000122070312
2026-07-23,10:05,773.7000122070312,775.5999755859375,772.9000244140625,775.4000244140625
2026-07-23,10:10,775.5999755859375,776.7000122070312,772.2000122070312,773.7000122070312
2026-07-23,10:15,773.5999755859375,774.0999755859375,770.9000244140625,772.2000122070312
2026-07-23,10:20,771.5999755859375,772.7999877929688,770.4000244140625,771.2999877929688
2026-07-23,10:25,771.4000244140625,772.7999877929688,770.2000122070312,771.7999877929688
2026-07-23,10:30,772.2000122070312,772.2000122070312,768.2000122070312,771.5999755859375
2026-07-23,10:35,771.0999755859375,771.7999877929688,767.7000122070312,768.0
2026-07-23,10:40,768.0,769.0999755859375,766.2999877929688,767.0
2026-07-23,10:45,766.7000122070312,767.5,764.7999877929688,765.2999877929688
2026-07-23,10:50,765.0,769.0999755859375,764.7000122070312,768.9000244140625
2026-07-23,10:55,768.9000244140625,769.4000244140625,765.2000122070312,765.5
2026-07-23,11:00,765.2000122070312,768.7999877929688,764.7000122070312,768.7999877929688
2026-07-23,11:05,768.5,768.7999877929688,765.2999877929688,765.4000244140625
2026-07-23,11:10,765.2999877929688,766.4000244140625,763.7999877929688,765.5999755859375
2026-07-23,11:15,765.7999877929688,767.0,762.5,763.9000244140625
2026-07-23,11:20,764.0,764.7000122070312,762.7999877929688,763.2000122070312
2026-07-23,11:25,762.7999877929688,763.5,761.7999877929688,763.2000122070312
2026-07-23,11:30,763.0,763.0,763.0,763.0
2026-07-23,12:30,760.0,763.5,759.5,761.0
2026-07-23,12:35,760.2999877929688,764.4000244140625,759.9000244140625,764.4000244140625
2026-07-23,12:40,764.2999877929688,765.9000244140625,763.2999877929688,765.9000244140625
2026-07-23,12:45,765.7999877929688,766.5,763.5999755859375,765.7000122070312
2026-07-23,12:50,765.5999755859375,766.5,763.7000122070312,766.0
2026-07-23,12:55,766.0999755859375,767.0,765.5,766.0
2026-07-23,13:00,765.7000122070312,765.7000122070312,763.2000122070312,763.5999755859375
2026-07-23,13:05,763.7999877929688,763.7999877929688,760.2999877929688,762.0999755859375
2026-07-23,13:10,761.9000244140625,764.2000122070312,761.5999755859375,764.0
2026-07-23,13:15,764.0999755859375,764.7999877929688,763.0,763.0
2026-07-23,13:20,763.2000122070312,765.2999877929688,762.7999877929688,765.2999877929688
2026-07-23,13:25,765.2999877929688,766.5999755859375,764.2000122070312,765.0999755859375
2026-07-23,13:30,765.5,766.5,764.2000122070312,766.2999877929688
2026-07-23,13:35,766.0,766.5,765.2999877929688,766.2999877929688
2026-07-23,13:40,766.5,767.0,765.2999877929688,765.5
2026-07-23,13:45,765.2000122070312,766.5999755859375,764.7000122070312,765.2999877929688
2026-07-23,13:50,765.2000122070312,765.2000122070312,763.2000122070312,764.9000244140625
2026-07-23,13:55,764.2999877929688,766.0,764.2999877929688,765.0
2026-07-23,14:00,764.9000244140625,765.7999877929688,763.4000244140625,764.2000122070312
2026-07-23,14:05,764.9000244140625,764.9000244140625,763.5999755859375,763.5999755859375
2026-07-23,14:10,763.5999755859375,764.0999755859375,762.7999877929688,764.0
2026-07-23,14:15,763.7999877929688,765.5,763.5999755859375,765.0999755859375
2026-07-23,14:20,765.2000122070312,767.0999755859375,764.7999877929688,766.4000244140625
2026-07-23,14:25,766.4000244140625,769.7000122070312,766.4000244140625,769.5999755859375
2026-07-23,14:30,769.7000122070312,771.7000122070312,768.5999755859375,768.7999877929688
2026-07-23,14:35,768.9000244140625,769.0,766.9000244140625,767.0
2026-07-23,14:40,767.0,768.5999755859375,766.7000122070312,767.5
2026-07-23,14:45,767.7999877929688,767.7999877929688,764.5,764.5
2026-07-23,14:50,764.7000122070312,765.7999877929688,761.9000244140625,761.9000244140625
2026-07-23,14:55,761.9000244140625,764.5,761.2999877929688,761.2999877929688
2026-07-23,15:00,761.5999755859375,763.2999877929688,761.2000122070312,761.4000244140625
2026-07-23,15:05,761.5,762.4000244140625,759.5,759.9000244140625
2026-07-23,15:10,759.7000122070312,760.0999755859375,758.5999755859375,758.9000244140625
2026-07-23,15:15,759.2000122070312,760.5999755859375,758.2000122070312,760.2000122070312
2026-07-23,15:20,760.5,761.2000122070312,758.5999755859375,760.0
2026-07-24,09:05,736.5999755859375,737.2999877929688,730.2000122070312,731.4000244140625
2026-07-24,09:10,731.0999755859375,732.2000122070312,726.5,727.0
2026-07-24,09:15,726.7999877929688,728.2000122070312,722.7999877929688,723.7000122070312
2026-07-24,09:20,723.7000122070312,729.0,721.0999755859375,726.0999755859375
2026-07-24,09:25,726.7000122070312,729.5,722.0,723.0
2026-07-24,09:30,723.0999755859375,723.5,719.2000122070312,720.2999877929688
2026-07-24,09:35,719.7000122070312,723.2999877929688,718.5999755859375,721.7999877929688
2026-07-24,09:40,722.0,727.0,721.7000122070312,726.9000244140625
2026-07-24,09:45,727.0999755859375,730.9000244140625,726.0,729.0
2026-07-24,09:50,728.7999877929688,730.5999755859375,723.7999877929688,723.7999877929688
2026-07-24,09:55,723.9000244140625,726.5999755859375,722.0,726.0
2026-07-24,10:00,726.0,727.2000122070312,722.7000122070312,726.2000122070312
2026-07-24,10:05,725.5999755859375,725.9000244140625,721.5999755859375,722.7000122070312
2026-07-24,10:10,722.5,723.7999877929688,719.7000122070312,720.0
2026-07-24,10:15,720.0999755859375,723.0,719.2999877929688,720.2999877929688
2026-07-24,10:20,720.2999877929688,721.0999755859375,717.9000244140625,719.2999877929688
2026-07-24,10:25,719.5,725.2000122070312,719.5,722.0
2026-07-24,10:30,721.7999877929688,725.0,721.0999755859375,724.4000244140625
2026-07-24,10:35,724.5999755859375,724.9000244140625,719.0,719.2999877929688
2026-07-24,10:40,719.5999755859375,722.5999755859375,718.7999877929688,721.2999877929688
2026-07-24,10:45,721.2000122070312,721.7000122070312,716.7999877929688,716.7999877929688
2026-07-24,10:50,716.7000122070312,718.7000122070312,715.2000122070312,717.7000122070312
2026-07-24,10:55,717.7000122070312,718.4000244140625,715.2999877929688,716.5
2026-07-24,11:00,716.7000122070312,719.2999877929688,716.2999877929688,716.5
2026-07-24,11:05,716.9000244140625,719.0999755859375,716.0,719.0999755859375
2026-07-24,11:10,719.2000122070312,719.7000122070312,717.5999755859375,718.2000122070312
2026-07-24,11:15,718.0999755859375,719.9000244140625,717.4000244140625,717.7000122070312
2026-07-24,11:20,717.2999877929688,718.2999877929688,715.7000122070312,717.5
2026-07-24,11:25,717.7000122070312,720.2000122070312,717.5,719.4000244140625
2026-07-24,11:30,719.7999877929688,719.7999877929688,719.7999877929688,719.7999877929688
2026-07-24,12:30,718.9000244140625,719.4000244140625,713.2999877929688,715.5999755859375
2026-07-24,12:35,715.7000122070312,719.2000122070312,714.7999877929688,717.7000122070312
2026-07-24,12:40,718.0999755859375,718.4000244140625,714.4000244140625,715.9000244140625
2026-07-24,12:45,715.2999877929688,717.0,714.7999877929688,715.7999877929688
2026-07-24,12:50,716.0,716.5999755859375,714.2999877929688,714.7000122070312
2026-07-24,12:55,714.5,714.7999877929688,712.7999877929688,713.7000122070312
2026-07-24,13:00,713.9000244140625,714.5999755859375,712.2999877929688,714.0
2026-07-24,13:05,714.0999755859375,718.2000122070312,714.0999755859375,717.7000122070312
2026-07-24,13:10,717.5999755859375,717.7000122070312,714.5,714.5999755859375
2026-07-24,13:15,714.5,716.7000122070312,714.2999877929688,716.5999755859375
2026-07-24,13:20,716.5999755859375,719.9000244140625,714.7000122070312,719.9000244140625
2026-07-24,13:25,719.4000244140625,721.7999877929688,719.0999755859375,720.5999755859375
2026-07-24,13:30,720.5,720.9000244140625,718.2999877929688,719.5999755859375
2026-07-24,13:35,719.2000122070312,720.5,718.0999755859375,718.5
2026-07-24,13:40,718.5,719.2999877929688,717.2000122070312,719.2999877929688
2026-07-24,13:45,719.2000122070312,719.4000244140625,716.2999877929688,717.5999755859375
2026-07-24,13:50,717.2999877929688,718.5,716.9000244140625,717.7999877929688
2026-07-24,13:55,717.2999877929688,719.5,716.9000244140625,719.2999877929688
2026-07-24,14:00,719.5,720.2000122070312,716.5,717.0
2026-07-24,14:05,717.5,721.7000122070312,717.2000122070312,719.7999877929688
2026-07-24,14:10,719.5,721.2000122070312,719.0999755859375,720.0999755859375
2026-07-24,14:15,719.7000122070312,721.0,718.5,720.5
2026-07-24,14:20,720.7999877929688,721.7999877929688,719.7000122070312,720.0
2026-07-24,14:25,719.7000122070312,722.2999877929688,719.7000122070312,720.4000244140625
2026-07-24,14:30,720.5,721.0999755859375,718.5999755859375,719.5999755859375
2026-07-24,14:35,719.4000244140625,719.5,717.7000122070312,718.7999877929688
2026-07-24,14:40,718.7999877929688,720.5,717.5,720.5
2026-07-24,14:45,720.0,721.5,719.7999877929688,720.2999877929688
2026-07-24,14:50,720.4000244140625,720.4000244140625,717.5999755859375,717.7000122070312
2026-07-24,14:55,717.5999755859375,718.9000244140625,716.9000244140625,718.0999755859375
2026-07-24,15:00,718.0,718.2000122070312,715.7999877929688,716.2999877929688
2026-07-24,15:05,716.2000122070312,717.0999755859375,715.7999877929688,716.5999755859375
2026-07-24,15:10,716.7999877929688,717.2999877929688,716.0,717.2000122070312
2026-07-24,15:15,717.2999877929688,719.4000244140625,717.2999877929688,719.4000244140625
2026-07-24,15:20,719.4000244140625,721.7999877929688,719.4000244140625,721.7000122070312
2026-07-27,09:00,736.0999755859375,736.5,724.2999877929688,725.7999877929688
2026-07-27,09:05,725.4000244140625,728.5999755859375,720.7000122070312,721.9000244140625
2026-07-27,09:10,722.2999877929688,727.7999877929688,721.0999755859375,727.2000122070312
2026-07-27,09:15,726.9000244140625,729.9000244140625,720.7000122070312,721.4000244140625
2026-07-27,09:20,721.0,723.5999755859375,720.0999755859375,721.5999755859375
2026-07-27,09:25,721.0,723.7000122070312,720.2999877929688,721.7000122070312
2026-07-27,09:30,721.4000244140625,725.0,718.7999877929688,724.0
2026-07-27,09:35,723.5999755859375,724.7000122070312,720.5999755859375,722.2000122070312
2026-07-27,09:40,722.7000122070312,724.0999755859375,720.7000122070312,720.7000122070312
2026-07-27,09:45,721.0999755859375,725.7999877929688,721.0999755859375,725.7000122070312
2026-07-27,09:50,725.7000122070312,728.2999877929688,721.2999877929688,722.9000244140625
2026-07-27,09:55,722.9000244140625,723.7999877929688,716.7999877929688,718.0999755859375
2026-07-27,10:00,718.5,719.7999877929688,715.5999755859375,716.5
2026-07-27,10:05,716.4000244140625,720.0999755859375,715.0999755859375,719.0
2026-07-27,10:10,718.5,718.7000122070312,710.5,711.7999877929688
2026-07-27,10:15,711.2000122070312,716.0,710.9000244140625,713.5999755859375
2026-07-27,10:20,713.5,714.2000122070312,712.2000122070312,713.0999755859375
2026-07-27,10:25,713.0999755859375,713.5,710.5999755859375,713.0999755859375
2026-07-27,10:30,713.4000244140625,721.2000122070312,712.5,717.7000122070312
2026-07-27,10:35,717.0999755859375,722.7000122070312,714.7999877929688,722.4000244140625
2026-07-27,10:40,722.0,724.0,720.5,720.9000244140625
2026-07-27,10:45,721.0,723.7999877929688,719.7000122070312,722.7000122070312
2026-07-27,10:50,723.0,723.2999877929688,719.5999755859375,720.5
2026-07-27,10:55,720.5,724.2999877929688,720.2999877929688,724.2999877929688
2026-07-27,11:00,724.4000244140625,724.7000122070312,721.5999755859375,722.0
2026-07-27,11:05,721.7999877929688,724.5999755859375,721.7999877929688,724.0
2026-07-27,11:10,724.0,724.5999755859375,722.0999755859375,723.2000122070312
2026-07-27,11:15,723.7000122070312,726.2000122070312,723.4000244140625,724.2000122070312
2026-07-27,11:20,724.5999755859375,725.0999755859375,722.0999755859375,724.5
2026-07-27,11:25,724.4000244140625,727.7999877929688,724.4000244140625,725.7000122070312
2026-07-27,11:30,725.5,725.5999755859375,725.5,725.5999755859375
2026-07-27,12:30,726.0,726.5999755859375,722.7000122070312,723.0
2026-07-27,12:35,723.2999877929688,724.7999877929688,722.5999755859375,723.5999755859375
2026-07-27,12:40,723.5,727.5999755859375,723.4000244140625,724.7000122070312
2026-07-27,12:45,724.5,725.7000122070312,721.9000244140625,723.2000122070312
2026-07-27,12:50,723.4000244140625,723.4000244140625,718.7000122070312,719.5999755859375
2026-07-27,12:55,719.5999755859375,721.0999755859375,717.7000122070312,720.0
2026-07-27,13:00,720.2000122070312,721.0999755859375,718.5999755859375,719.9000244140625
2026-07-27,13:05,720.0,721.0999755859375,718.0,719.0
2026-07-27,13:10,718.7999877929688,720.4000244140625,718.7000122070312,720.4000244140625
2026-07-27,13:15,720.2999877929688,721.5999755859375,718.7999877929688,721.2000122070312
2026-07-27,13:20,721.4000244140625,724.4000244140625,720.7000122070312,722.2000122070312
2026-07-27,13:25,722.2999877929688,723.2000122070312,719.0999755859375,721.7000122070312
2026-07-27,13:30,721.7999877929688,723.0,719.7999877929688,722.7999877929688
2026-07-27,13:35,722.5999755859375,725.2000122070312,722.2999877929688,725.0999755859375
2026-07-27,13:40,725.2000122070312,726.5999755859375,724.9000244140625,726.0999755859375
2026-07-27,13:45,726.0,726.9000244140625,725.2000122070312,726.2000122070312
2026-07-27,13:50,726.2000122070312,728.2000122070312,726.2000122070312,728.0
2026-07-27,13:55,727.7999877929688,728.0,724.2999877929688,724.5999755859375
2026-07-27,14:00,724.7999877929688,726.2000122070312,724.2999877929688,725.2999877929688
2026-07-27,14:05,725.4000244140625,725.5,724.5999755859375,725.2999877929688
2026-07-27,14:10,725.5999755859375,726.5999755859375,724.7999877929688,725.4000244140625
2026-07-27,14:15,725.0,726.2000122070312,724.7000122070312,725.9000244140625
2026-07-27,14:20,726.0999755859375,726.7000122070312,725.2000122070312,725.4000244140625
2026-07-27,14:25,725.0999755859375,726.0999755859375,724.5,726.0
2026-07-27,14:30,726.2000122070312,727.2000122070312,724.5999755859375,725.5
2026-07-27,14:35,725.7000122070312,726.5999755859375,724.2000122070312,726.2999877929688
2026-07-27,14:40,726.5,726.9000244140625,724.9000244140625,726.2000122070312
2026-07-27,14:45,726.4000244140625,726.4000244140625,724.5999755859375,726.0
2026-07-27,14:50,725.5,726.5999755859375,725.2999877929688,726.2999877929688
2026-07-27,14:55,726.0999755859375,726.4000244140625,725.0,725.5999755859375
2026-07-27,15:00,725.7999877929688,727.5,725.7999877929688,727.0999755859375
2026-07-27,15:05,727.2999877929688,727.5,726.0999755859375,727.5
2026-07-27,15:10,727.5999755859375,729.7000122070312,727.5999755859375,729.0
2026-07-27,15:15,728.7999877929688,730.0,728.7999877929688,729.4000244140625
2026-07-27,15:20,729.2999877929688,729.2999877929688,727.9000244140625,729.0
2026-07-28,09:05,690.2000122070312,691.9000244140625,686.5,686.7999877929688
2026-07-28,09:10,687.0,688.0999755859375,681.0999755859375,683.9000244140625
2026-07-28,09:15,683.4000244140625,684.5,677.7999877929688,679.0
2026-07-28,09:20,678.7000122070312,679.5999755859375,674.2999877929688,675.2000122070312
2026-07-28,09:25,675.2000122070312,675.5999755859375,670.4000244140625,675.2999877929688
2026-07-28,09:30,675.2999877929688,677.0999755859375,669.0999755859375,675.7999877929688
2026-07-28,09:35,675.5999755859375,679.0,673.5999755859375,674.2999877929688
2026-07-28,09:40,674.5999755859375,676.2999877929688,672.5,675.4000244140625
2026-07-28,09:45,675.4000244140625,675.7000122070312,667.9000244140625,670.0
2026-07-28,09:50,669.7999877929688,670.0,666.2999877929688,666.5
2026-07-28,09:55,666.5999755859375,669.2000122070312,665.7999877929688,668.7000122070312
2026-07-28,10:00,668.7000122070312,673.2999877929688,666.5,670.7999877929688
2026-07-28,10:05,670.2999877929688,671.4000244140625,666.5,667.0999755859375
2026-07-28,10:10,667.2000122070312,669.5,665.2999877929688,668.4000244140625
2026-07-28,10:15,668.4000244140625,668.5999755859375,665.5999755859375,667.0
2026-07-28,10:20,667.2000122070312,671.0999755859375,666.0,670.0
2026-07-28,10:25,670.2999877929688,672.9000244140625,668.2000122070312,671.2000122070312
2026-07-28,10:30,671.2000122070312,673.2999877929688,670.7999877929688,673.2999877929688
2026-07-28,10:35,673.2000122070312,673.9000244140625,670.2000122070312,671.0999755859375
2026-07-28,10:40,671.0,673.5999755859375,670.5,673.4000244140625
2026-07-28,10:45,673.0,674.7000122070312,671.5999755859375,673.2000122070312
2026-07-28,10:50,673.0999755859375,673.4000244140625,666.9000244140625,667.5999755859375
2026-07-28,10:55,668.0,668.4000244140625,665.7000122070312,665.7000122070312
2026-07-28,11:00,666.0,666.0999755859375,662.9000244140625,663.4000244140625
2026-07-28,11:05,663.7999877929688,664.7000122070312,662.7999877929688,664.0999755859375
2026-07-28,11:10,664.0999755859375,665.0,662.2000122070312,662.9000244140625
2026-07-28,11:15,662.5,664.7000122070312,661.2999877929688,664.2999877929688
2026-07-28,11:20,664.4000244140625,666.5999755859375,664.2999877929688,665.7999877929688
2026-07-28,11:25,665.2999877929688,665.7000122070312,663.0,664.7999877929688
2026-07-28,11:30,664.5999755859375,664.5999755859375,664.4000244140625,664.5999755859375
2026-07-28,12:30,666.7999877929688,668.4000244140625,661.2999877929688,668.2000122070312
2026-07-28,12:35,668.4000244140625,673.5,667.4000244140625,672.4000244140625
2026-07-28,12:40,672.5999755859375,674.2000122070312,670.7000122070312,673.5
2026-07-28,12:45,673.5999755859375,675.2000122070312,673.0,675.0999755859375
2026-07-28,12:50,675.2000122070312,675.7999877929688,672.2999877929688,673.2999877929688
2026-07-28,12:55,673.0999755859375,673.7999877929688,671.2999877929688,673.0
2026-07-28,13:00,672.9000244140625,673.0,670.0999755859375,670.4000244140625
2026-07-28,13:05,670.2000122070312,671.2000122070312,668.7000122070312,669.0
2026-07-28,13:10,668.9000244140625,669.2999877929688,666.7999877929688,666.7999877929688
2026-07-28,13:15,667.0,671.5,666.9000244140625,671.5
2026-07-28,13:20,671.2999877929688,671.5999755859375,668.7999877929688,670.2000122070312
2026-07-28,13:25,670.2000122070312,672.2000122070312,669.2999877929688,671.5999755859375
2026-07-28,13:30,671.5,672.7999877929688,670.7999877929688,672.5
2026-07-28,13:35,672.0999755859375,673.4000244140625,671.2000122070312,672.7000122070312
2026-07-28,13:40,672.2999877929688,673.0,671.4000244140625,672.4000244140625
2026-07-28,13:45,672.5999755859375,674.4000244140625,671.7999877929688,672.7000122070312
2026-07-28,13:50,673.0,673.5,671.5999755859375,672.5999755859375
2026-07-28,13:55,672.2000122070312,673.0,670.5,670.7000122070312
2026-07-28,14:00,671.0999755859375,673.4000244140625,670.2999877929688,672.5999755859375
2026-07-28,14:05,672.2000122070312,672.2999877929688,670.2000122070312,672.0
2026-07-28,14:10,671.9000244140625,672.2000122070312,670.0,670.5
2026-07-28,14:15,670.4000244140625,671.5,669.7000122070312,669.7999877929688
2026-07-28,14:20,669.7000122070312,670.0,667.9000244140625,667.9000244140625
2026-07-28,14:25,667.9000244140625,668.9000244140625,667.0,668.2999877929688
2026-07-28,14:30,668.4000244140625,668.7000122070312,664.7000122070312,664.9000244140625
2026-07-28,14:35,664.9000244140625,667.5,664.5,667.2000122070312
2026-07-28,14:40,667.0999755859375,667.0999755859375,664.7999877929688,665.5
2026-07-28,14:45,665.4000244140625,666.4000244140625,664.7000122070312,665.7999877929688
2026-07-28,14:50,665.9000244140625,668.5999755859375,665.7000122070312,667.7000122070312
2026-07-28,14:55,667.9000244140625,668.7999877929688,665.5,666.4000244140625
2026-07-28,15:00,666.5999755859375,668.0999755859375,664.5999755859375,664.9000244140625
2026-07-28,15:05,665.0,666.7999877929688,664.5,666.7999877929688
2026-07-28,15:10,666.7999877929688,667.2000122070312,665.2000122070312,666.9000244140625
2026-07-28,15:15,667.0999755859375,670.5999755859375,664.5999755859375,664.5999755859375
2026-07-28,15:20,668.7999877929688,669.5999755859375,668.7999877929688,669.5
2026-07-29,09:05,681.7999877929688,687.0,681.0,685.4000244140625
2026-07-29,09:10,685.4000244140625,685.7000122070312,680.2999877929688,680.7000122070312
2026-07-29,09:15,680.5,687.0999755859375,677.2999877929688,686.7000122070312
2026-07-29,09:20,686.5999755859375,688.0,679.5999755859375,680.5999755859375
2026-07-29,09:25,680.7999877929688,681.0999755859375,675.7000122070312,678.7000122070312
2026-07-29,09:30,678.7000122070312,680.7000122070312,674.7000122070312,676.5
2026-07-29,09:35,676.0,681.2000122070312,674.7999877929688,681.0999755859375
2026-07-29,09:40,681.2000122070312,682.5,678.2999877929688,681.0
2026-07-29,09:45,680.7999877929688,682.0999755859375,677.7000122070312,678.5
2026-07-29,09:50,678.7000122070312,680.0,677.0,677.9000244140625
2026-07-29,09:55,677.7999877929688,677.7999877929688,671.0,672.0999755859375
2026-07-29,10:00,672.0,675.5999755859375,670.2999877929688,675.4000244140625
2026-07-29,10:05,675.2999877929688,676.5999755859375,668.7000122070312,669.0999755859375
2026-07-29,10:10,668.9000244140625,669.7000122070312,664.0999755859375,665.2999877929688
2026-07-29,10:15,665.0,665.0,661.2000122070312,663.9000244140625
2026-07-29,10:20,664.9000244140625,670.7999877929688,664.9000244140625,670.0
2026-07-29,10:25,670.0,672.5999755859375,669.0999755859375,672.5999755859375
2026-07-29,10:30,672.7999877929688,673.0,667.9000244140625,670.2999877929688
2026-07-29,10:35,670.4000244140625,671.2000122070312,667.9000244140625,667.9000244140625
2026-07-29,10:40,668.2999877929688,668.7000122070312,663.2999877929688,665.0
2026-07-29,10:45,665.0,665.4000244140625,659.7000122070312,659.7999877929688
2026-07-29,10:50,659.7000122070312,659.7999877929688,653.0999755859375,654.2999877929688
2026-07-29,10:55,653.7000122070312,654.5999755859375,648.2999877929688,648.7000122070312
2026-07-29,11:00,648.5999755859375,654.4000244140625,645.9000244140625,653.2000122070312
2026-07-29,11:05,652.0999755859375,654.4000244140625,649.0,651.2999877929688
2026-07-29,11:10,651.0999755859375,654.5,650.9000244140625,652.9000244140625
2026-07-29,11:15,652.5999755859375,653.2000122070312,648.2000122070312,648.5
2026-07-29,11:20,647.2000122070312,655.0,647.0999755859375,652.0999755859375
2026-07-29,11:25,652.0,656.5999755859375,651.4000244140625,656.5
2026-07-29,11:30,656.5,656.5,655.7000122070312,655.7000122070312
2026-07-29,12:30,643.5,644.2000122070312,642.2000122070312,643.7000122070312
2026-07-29,12:35,643.9000244140625,644.5,639.5,640.0
2026-07-29,12:40,640.0,644.0,637.2000122070312,644.0
2026-07-29,12:45,644.2000122070312,644.9000244140625,640.9000244140625,641.0
2026-07-29,12:50,640.9000244140625,641.4000244140625,636.9000244140625,637.0999755859375
2026-07-29,12:55,637.0,637.2000122070312,635.5,637.2000122070312
2026-07-29,13:00,637.2999877929688,638.0,634.2000122070312,635.2000122070312
2026-07-29,13:05,635.2999877929688,637.0,633.2000122070312,636.7999877929688
2026-07-29,13:10,636.5999755859375,636.9000244140625,633.5999755859375,634.5999755859375
2026-07-29,13:15,634.4000244140625,635.2999877929688,631.5,634.0999755859375
2026-07-29,13:20,634.2999877929688,636.5999755859375,632.5,636.0999755859375
2026-07-29,13:25,635.5,636.5,632.2999877929688,633.2999877929688
2026-07-29,13:30,633.0,634.2999877929688,630.7000122070312,631.2999877929688
2026-07-29,13:35,631.5,635.2999877929688,631.2000122070312,633.7000122070312
2026-07-29,13:40,633.5999755859375,633.5999755859375,630.0999755859375,630.0999755859375
2026-07-29,13:45,630.2999877929688,635.4000244140625,629.7000122070312,635.0999755859375
2026-07-29,13:50,635.0999755859375,642.0,635.0999755859375,641.7000122070312
2026-07-29,13:55,641.7000122070312,647.4000244140625,641.7000122070312,646.9000244140625
2026-07-29,14:00,646.9000244140625,647.7000122070312,644.0999755859375,645.0
2026-07-29,14:05,645.0,648.5,641.9000244140625,647.2999877929688
2026-07-29,14:10,647.7000122070312,648.7999877929688,646.5,648.5999755859375
2026-07-29,14:15,648.4000244140625,648.4000244140625,641.7999877929688,643.0999755859375
2026-07-29,14:20,643.2000122070312,644.7999877929688,641.9000244140625,644.5999755859375
2026-07-29,14:25,644.7000122070312,649.5999755859375,644.7000122070312,648.2000122070312
2026-07-29,14:30,648.5,649.9000244140625,646.5,649.5
2026-07-29,14:35,649.2999877929688,651.0999755859375,648.7999877929688,650.0
2026-07-29,14:40,649.9000244140625,649.9000244140625,647.2999877929688,648.7999877929688
2026-07-29,14:45,648.9000244140625,652.2999877929688,647.7999877929688,648.0
2026-07-29,14:50,648.2000122070312,649.0999755859375,645.0,649.0999755859375
2026-07-29,14:55,649.0,649.7000122070312,647.7999877929688,647.7999877929688
2026-07-29,15:00,647.7000122070312,648.5999755859375,644.5999755859375,644.7999877929688
2026-07-29,15:05,644.5999755859375,644.5999755859375,641.5999755859375,641.5999755859375
2026-07-29,15:10,641.9000244140625,645.5999755859375,640.2999877929688,644.9000244140625
2026-07-29,15:15,644.7999877929688,648.5,644.2999877929688,647.5999755859375
2026-07-29,15:20,647.7999877929688,650.5,647.0,650.0
2026-07-30,09:05,650.7000122070312,659.0999755859375,648.7000122070312,659.0
2026-07-30,09:10,659.2000122070312,664.2000122070312,656.9000244140625,657.7000122070312
2026-07-30,09:15,657.4000244140625,665.7999877929688,655.5999755859375,663.2000122070312
2026-07-30,09:20,663.5,669.4000244140625,662.0,669.2000122070312
2026-07-30,09:25,668.9000244140625,673.4000244140625,668.5,673.2999877929688
2026-07-30,09:30,673.4000244140625,673.5999755859375,667.2000122070312,668.0
2026-07-30,09:35,667.7000122070312,668.2000122070312,659.7999877929688,661.0999755859375
2026-07-30,09:40,661.0999755859375,661.9000244140625,652.7999877929688,655.5
2026-07-30,09:45,655.5,666.5,655.5,664.5999755859375
2026-07-30,09:50,664.9000244140625,666.7000122070312,660.7000122070312,666.5
2026-07-30,09:55,666.5999755859375,669.2000122070312,664.7000122070312,668.9000244140625
2026-07-30,10:00,669.2000122070312,674.4000244140625,668.2999877929688,674.4000244140625
2026-07-30,10:05,674.2000122070312,680.4000244140625,674.0999755859375,675.7000122070312
2026-07-30,10:10,675.5,675.5999755859375,670.9000244140625,671.9000244140625
2026-07-30,10:15,671.9000244140625,674.2999877929688,669.2999877929688,672.9000244140625
2026-07-30,10:20,672.9000244140625,674.0999755859375,669.5,673.5999755859375
2026-07-30,10:25,673.2999877929688,676.7000122070312,673.2999877929688,676.2000122070312
2026-07-30,10:30,676.0999755859375,680.0,675.9000244140625,679.2999877929688
2026-07-30,10:35,679.0,681.0999755859375,678.2999877929688,680.4000244140625
2026-07-30,10:40,680.5,682.7000122070312,680.5,681.7999877929688
2026-07-30,10:45,682.0,682.0999755859375,678.5,680.7999877929688
2026-07-30,10:50,681.0,682.2000122070312,678.2000122070312,679.4000244140625
2026-07-30,10:55,679.0,680.7000122070312,676.4000244140625,676.7999877929688
2026-07-30,11:00,676.7000122070312,680.5,674.2999877929688,675.2000122070312
2026-07-30,11:05,675.0999755859375,675.0999755859375,672.7000122070312,673.2999877929688
2026-07-30,11:10,673.2999877929688,674.0,669.5,670.5
2026-07-30,11:15,670.0999755859375,671.2999877929688,668.0999755859375,668.0999755859375
2026-07-30,11:20,668.0,671.2999877929688,667.7999877929688,669.5
2026-07-30,11:25,669.0999755859375,670.0999755859375,666.5999755859375,667.7999877929688
2026-07-30,11:30,667.2999877929688,667.2999877929688,667.2999877929688,667.2999877929688
2026-07-30,12:30,658.5,663.0,654.2999877929688,662.5
2026-07-30,12:35,662.9000244140625,664.4000244140625,658.7000122070312,659.5
2026-07-30,12:40,659.0,664.5,657.0999755859375,663.7000122070312
2026-07-30,12:45,664.0,667.5,661.7000122070312,666.0999755859375
2026-07-30,12:50,666.7000122070312,667.7999877929688,664.5,666.5
2026-07-30,12:55,666.5999755859375,667.2999877929688,661.7000122070312,663.0
2026-07-30,13:00,663.0999755859375,664.0,660.4000244140625,662.5
2026-07-30,13:05,663.2000122070312,663.5,659.4000244140625,659.4000244140625
2026-07-30,13:10,659.5999755859375,660.0,658.2000122070312,658.2000122070312
2026-07-30,13:15,658.0999755859375,658.2999877929688,656.2000122070312,658.0999755859375
2026-07-30,13:20,657.9000244140625,660.9000244140625,657.0,660.0
2026-07-30,13:25,660.2000122070312,665.0,660.2000122070312,665.0
2026-07-30,13:30,664.7999877929688,666.4000244140625,663.5,664.7000122070312
2026-07-30,13:35,664.5999755859375,666.5999755859375,660.5999755859375,661.0
2026-07-30,13:40,661.2000122070312,661.5999755859375,657.0999755859375,657.5999755859375
2026-07-30,13:45,657.5,661.5999755859375,657.4000244140625,659.0
2026-07-30,13:50,658.5999755859375,659.2999877929688,655.5999755859375,656.7999877929688
2026-07-30,13:55,656.4000244140625,657.0,653.5,654.9000244140625
2026-07-30,14:00,654.9000244140625,657.0,652.5999755859375,654.0
2026-07-30,14:05,654.0,655.2999877929688,652.0999755859375,653.5999755859375
2026-07-30,14:10,653.0999755859375,655.9000244140625,652.0,655.7999877929688
2026-07-30,14:15,656.0,660.0,655.0,659.7000122070312
2026-07-30,14:20,659.7999877929688,661.0,658.0,661.0
2026-07-30,14:25,660.9000244140625,661.4000244140625,658.5,659.2000122070312
2026-07-30,14:30,659.0,662.5999755859375,658.0,661.7000122070312
2026-07-30,14:35,661.5999755859375,662.5999755859375,659.2999877929688,661.7000122070312
2026-07-30,14:40,662.2999877929688,666.0999755859375,662.0,665.7999877929688
2026-07-30,14:45,666.0,668.0,664.2999877929688,665.0999755859375
2026-07-30,14:50,665.5,666.0,662.0,662.2000122070312
2026-07-30,14:55,662.0999755859375,662.0999755859375,659.2000122070312,660.5999755859375
2026-07-30,15:00,660.2000122070312,661.2999877929688,659.7000122070312,661.2999877929688
2026-07-30,15:05,661.5,663.2000122070312,660.5,660.5
2026-07-30,15:10,660.2000122070312,661.2999877929688,659.2999877929688,659.2999877929688
2026-07-30,15:15,659.2000122070312,659.2000122070312,657.0,658.0
2026-07-30,15:20,658.0,659.7999877929688,656.7000122070312,659.5
2026-07-31,09:15,720.7000122070312,722.9000244140625,716.0999755859375,722.9000244140625
2026-07-31,09:20,722.9000244140625,723.7999877929688,717.5999755859375,722.0999755859375
2026-07-31,09:25,722.0999755859375,724.2000122070312,720.9000244140625,724.0999755859375
2026-07-31,09:30,724.2000122070312,729.5,724.2000122070312,727.2999877929688
2026-07-31,09:35,727.2000122070312,728.5,725.4000244140625,725.7000122070312
2026-07-31,09:40,725.7999877929688,726.5,723.4000244140625,725.9000244140625
2026-07-31,09:45,726.0,726.5999755859375,722.0,722.2999877929688
2026-07-31,09:50,722.2000122070312,727.5999755859375,722.0,726.5999755859375
2026-07-31,09:55,726.4000244140625,731.7000122070312,726.4000244140625,730.9000244140625
2026-07-31,10:00,731.0999755859375,733.7000122070312,730.7000122070312,731.2999877929688
2026-07-31,10:05,731.2999877929688,733.5999755859375,731.0,733.5
2026-07-31,10:10,733.5999755859375,734.2000122070312,731.7999877929688,732.9000244140625
2026-07-31,10:15,733.0,735.2999877929688,732.2999877929688,734.2999877929688
2026-07-31,10:20,734.5,736.0,733.2000122070312,733.2999877929688
2026-07-31,10:25,733.2000122070312,733.5,729.5999755859375,731.2000122070312
2026-07-31,10:30,731.2000122070312,732.5999755859375,728.9000244140625,731.2999877929688
2026-07-31,10:35,731.5,732.0,729.5,732.0
2026-07-31,10:40,731.9000244140625,731.9000244140625,729.5999755859375,730.5999755859375
2026-07-31,10:45,730.7999877929688,731.2000122070312,727.9000244140625,729.0999755859375
2026-07-31,10:50,729.5999755859375,732.2999877929688,727.9000244140625,729.4000244140625
2026-07-31,10:55,729.0999755859375,730.2000122070312,728.0,728.7000122070312
2026-07-31,11:00,728.9000244140625,730.0,725.2000122070312,725.7000122070312
2026-07-31,11:05,725.5,728.0999755859375,725.2999877929688,726.0999755859375
2026-07-31,11:10,726.0,726.0,720.9000244140625,721.2999877929688
2026-07-31,11:15,721.4000244140625,721.4000244140625,718.0999755859375,718.0999755859375
2026-07-31,11:20,718.2000122070312,719.7999877929688,716.7999877929688,717.2999877929688
2026-07-31,11:25,717.5999755859375,719.4000244140625,716.9000244140625,718.2999877929688
2026-07-31,11:30,718.0,718.0,717.7999877929688,717.7999877929688
2026-07-31,12:30,715.2000122070312,717.2999877929688,711.7999877929688,711.7999877929688
2026-07-31,12:35,712.0999755859375,712.2000122070312,709.0,710.9000244140625
2026-07-31,12:40,711.0,711.2999877929688,708.2999877929688,708.5
2026-07-31,12:45,709.0,709.2000122070312,702.5,704.7000122070312
2026-07-31,12:50,704.5999755859375,711.2000122070312,704.5999755859375,711.0
2026-07-31,12:55,711.2999877929688,711.7000122070312,709.2999877929688,710.0
2026-07-31,13:00,709.7999877929688,710.0999755859375,705.2999877929688,707.9000244140625
2026-07-31,13:05,707.7000122070312,709.2999877929688,707.2000122070312,708.4000244140625
2026-07-31,13:10,708.4000244140625,709.0999755859375,706.5,706.9000244140625
2026-07-31,13:15,706.5999755859375,708.0999755859375,705.7999877929688,707.5
2026-07-31,13:20,707.0,707.4000244140625,703.9000244140625,706.5999755859375
2026-07-31,13:25,706.2999877929688,709.0999755859375,705.2000122070312,709.0
2026-07-31,13:30,709.2000122070312,713.7000122070312,708.9000244140625,713.4000244140625
2026-07-31,13:35,713.5999755859375,713.5999755859375,712.0,713.5
2026-07-31,13:40,713.2000122070312,715.5,713.2000122070312,715.2000122070312
2026-07-31,13:45,715.4000244140625,716.2999877929688,714.7000122070312,715.2999877929688
2026-07-31,13:50,715.2999877929688,715.2999877929688,711.7999877929688,712.9000244140625
2026-07-31,13:55,712.9000244140625,713.9000244140625,712.5999755859375,713.2000122070312
2026-07-31,14:00,713.5,716.0999755859375,713.5,715.0999755859375
2026-07-31,14:05,715.0999755859375,716.7999877929688,714.0,716.5999755859375
2026-07-31,14:10,716.7000122070312,717.5,715.5999755859375,716.7999877929688
2026-07-31,14:15,716.7999877929688,717.5999755859375,716.2999877929688,717.5999755859375
2026-07-31,14:20,717.7000122070312,719.4000244140625,717.5,718.0999755859375
2026-07-31,14:25,717.9000244140625,717.9000244140625,715.7999877929688,717.0
2026-07-31,14:30,717.0,717.0,711.4000244140625,711.4000244140625
2026-07-31,14:35,711.5,711.5,709.4000244140625,709.5999755859375
2026-07-31,14:40,709.7999877929688,711.4000244140625,705.5,705.5999755859375
2026-07-31,14:45,705.5999755859375,709.9000244140625,704.4000244140625,709.5
2026-07-31,14:50,709.7000122070312,711.4000244140625,708.5999755859375,711.2000122070312
2026-07-31,14:55,711.0,713.5,710.0999755859375,713.2000122070312
2026-07-31,15:00,713.0999755859375,714.5999755859375,711.7999877929688,712.2000122070312
2026-07-31,15:05,712.5999755859375,714.2000122070312,711.7000122070312,711.7000122070312
2026-07-31,15:10,711.7999877929688,714.0,711.7999877929688,712.0999755859375
2026-07-31,15:15,712.2000122070312,713.2000122070312,711.2999877929688,712.5999755859375
2026-07-31,15:20,712.7999877929688,712.7999877929688,710.9000244140625,711.5999755859375
2026-08-03,09:00,695.9000244140625,696.5999755859375,687.0999755859375,689.9000244140625
2026-08-03,09:05,689.7999877929688,696.0999755859375,689.0999755859375,694.5
2026-08-03,09:10,694.7999877929688,696.4000244140625,687.9000244140625,693.2000122070312
2026-08-03,09:15,693.0999755859375,699.5,691.7999877929688,694.9000244140625
2026-08-03,09:20,694.9000244140625,697.0,692.5,692.9000244140625
2026-08-03,09:25,692.5,695.0,686.0999755859375,688.4000244140625
2026-08-03,09:30,688.2000122070312,691.2999877929688,685.0999755859375,686.0999755859375
2026-08-03,09:35,686.0999755859375,688.9000244140625,682.2999877929688,687.2999877929688
2026-08-03,09:40,687.5,689.5999755859375,683.0999755859375,684.5999755859375
2026-08-03,09:45,684.4000244140625,686.5,680.7000122070312,685.5999755859375
2026-08-03,09:50,685.2000122070312,686.7000122070312,679.7000122070312,685.4000244140625
2026-08-03,09:55,685.7000122070312,686.7999877929688,680.2999877929688,684.5999755859375
2026-08-03,10:00,684.9000244140625,684.9000244140625,679.7000122070312,682.7000122070312
2026-08-03,10:05,682.5999755859375,688.2000122070312,682.5999755859375,687.0
2026-08-03,10:10,687.7999877929688,689.2999877929688,678.7000122070312,680.5
2026-08-03,10:15,680.0,680.5999755859375,676.7000122070312,676.7999877929688
2026-08-03,10:20,676.7999877929688,683.5999755859375,676.4000244140625,683.2999877929688
2026-08-03,10:25,683.0,683.0999755859375,680.2999877929688,682.0
2026-08-03,10:30,681.7999877929688,684.7000122070312,679.7000122070312,679.9000244140625
2026-08-03,10:35,680.0,680.4000244140625,677.2999877929688,679.4000244140625
2026-08-03,10:40,679.5,683.5,678.7999877929688,681.4000244140625
2026-08-03,10:45,681.4000244140625,685.7000122070312,681.0999755859375,684.7000122070312
2026-08-03,10:50,684.5999755859375,688.2000122070312,684.5,685.9000244140625
2026-08-03,10:55,686.0,689.7999877929688,685.9000244140625,688.9000244140625
2026-08-03,11:00,689.2999877929688,690.2000122070312,686.7999877929688,690.0
2026-08-03,11:05,690.0,692.0,689.2999877929688,690.9000244140625
2026-08-03,11:10,690.9000244140625,694.2000122070312,690.7000122070312,693.2999877929688
2026-08-03,11:15,693.5,694.2999877929688,691.2000122070312,693.7999877929688
2026-08-03,11:20,694.4000244140625,695.5999755859375,690.7999877929688,691.0
2026-08-03,11:25,691.2000122070312,691.2000122070312,688.5999755859375,689.0999755859375
2026-08-03,11:30,689.2000122070312,689.2000122070312,689.2000122070312,689.2000122070312
2026-08-03,12:30,689.0,693.2999877929688,688.2000122070312,692.7999877929688
2026-08-03,12:35,692.7999877929688,695.5,692.0999755859375,695.0999755859375
2026-08-03,12:40,695.2000122070312,698.0999755859375,695.0999755859375,698.0999755859375
2026-08-03,12:45,698.0,699.5,697.5,699.2999877929688
2026-08-03,12:50,699.4000244140625,703.2000122070312,698.9000244140625,702.9000244140625
2026-08-03,12:55,702.7999877929688,703.0999755859375,697.2999877929688,697.2999877929688
2026-08-03,13:00,697.5,698.0,696.0999755859375,696.9000244140625
2026-08-03,13:05,697.0,698.5999755859375,696.0,697.4000244140625
2026-08-03,13:10,697.5,697.9000244140625,695.2999877929688,696.7000122070312
2026-08-03,13:15,696.5999755859375,699.0,696.2000122070312,698.2999877929688
2026-08-03,13:20,698.5,701.0999755859375,698.0999755859375,700.5999755859375
2026-08-03,13:25,700.9000244140625,701.4000244140625,700.2999877929688,700.5
2026-08-03,13:30,701.0,701.0,699.5999755859375,699.7000122070312
2026-08-03,13:35,699.7000122070312,700.2999877929688,697.7999877929688,698.0999755859375
2026-08-03,13:40,697.9000244140625,698.7000122070312,697.2000122070312,698.0
2026-08-03,13:45,698.0,700.2000122070312,697.4000244140625,699.9000244140625
2026-08-03,13:50,700.0999755859375,700.0999755859375,698.5999755859375,698.7999877929688
2026-08-03,13:55,698.7000122070312,698.9000244140625,697.0,697.4000244140625
2026-08-03,14:00,697.5999755859375,699.5999755859375,696.9000244140625,697.2000122070312
2026-08-03,14:05,697.0999755859375,697.5,696.0999755859375,697.5
2026-08-03,14:10,697.2999877929688,699.2000122070312,697.2999877929688,697.5
2026-08-03,14:15,697.4000244140625,697.4000244140625,695.2999877929688,695.5
2026-08-03,14:20,695.7000122070312,697.2000122070312,695.7000122070312,697.0
2026-08-03,14:25,697.0999755859375,698.0,696.7999877929688,697.2999877929688
2026-08-03,14:30,697.4000244140625,698.5999755859375,696.9000244140625,697.5999755859375
2026-08-03,14:35,697.4000244140625,698.7000122070312,696.9000244140625,697.7000122070312
2026-08-03,14:40,697.7999877929688,697.9000244140625,696.0,697.2999877929688
2026-08-03,14:45,697.0,698.9000244140625,696.9000244140625,698.9000244140625
2026-08-03,14:50,698.5999755859375,698.5999755859375,696.5,696.7000122070312
2026-08-03,14:55,697.0,697.7999877929688,696.4000244140625,697.5
2026-08-03,15:00,697.4000244140625,697.5,695.2999877929688,697.5
2026-08-03,15:05,697.5,699.0,697.2999877929688,699.0
2026-08-03,15:10,699.0999755859375,700.0,697.5,697.5
2026-08-03,15:15,697.5999755859375,699.7000122070312,697.0,699.2000122070312
2026-08-03,15:20,699.2000122070312,699.7999877929688,698.0,698.7999877929688
2026-08-04,09:05,708.0,708.9000244140625,702.7999877929688,703.0
2026-08-04,09:10,703.4000244140625,704.2999877929688,699.7000122070312,700.9000244140625
2026-08-04,09:15,701.0999755859375,701.5,695.0999755859375,696.0999755859375
2026-08-04,09:20,695.7999877929688,698.2000122070312,694.2999877929688,694.2999877929688
2026-08-04,09:25,694.2000122070312,697.5,693.2999877929688,696.5999755859375
2026-08-04,09:30,696.7999877929688,698.0,690.2999877929688,691.0
2026-08-04,09:35,690.7999877929688,690.7999877929688,685.4000244140625,685.7000122070312
2026-08-04,09:40,685.9000244140625,688.2999877929688,681.9000244140625,688.0999755859375
2026-08-04,09:45,688.5,690.0,685.0999755859375,689.4000244140625
2026-08-04,09:50,689.4000244140625,692.0,687.9000244140625,688.9000244140625
2026-08-04,09:55,688.7999877929688,689.0,685.5999755859375,685.5999755859375
2026-08-04,10:00,685.5999755859375,686.7999877929688,682.2999877929688,683.9000244140625
2026-08-04,10:05,684.0,685.2999877929688,682.5999755859375,684.7000122070312
2026-08-04,10:10,684.9000244140625,687.7000122070312,684.0,686.0
2026-08-04,10:15,686.2000122070312,688.7999877929688,681.5,682.4000244140625
2026-08-04,10:20,682.2000122070312,684.5,681.2000122070312,681.2000122070312
2026-08-04,10:25,681.4000244140625,685.5,680.4000244140625,685.5
2026-08-04,10:30,685.5999755859375,690.5999755859375,685.0,690.4000244140625
2026-08-04,10:35,690.4000244140625,691.0,684.7999877929688,684.9000244140625
2026-08-04,10:40,685.0,690.4000244140625,684.2999877929688,690.4000244140625
2026-08-04,10:45,690.5,693.0999755859375,689.5999755859375,692.5999755859375
2026-08-04,10:50,692.5,698.0,692.2000122070312,697.5999755859375
2026-08-04,10:55,697.7999877929688,698.5,696.0,697.7000122070312
2026-08-04,11:00,698.0,698.0,691.2999877929688,691.2999877929688
2026-08-04,11:05,691.2999877929688,693.7000122070312,689.5999755859375,692.7000122070312
2026-08-04,11:10,693.0999755859375,693.0999755859375,691.2999877929688,692.2000122070312
2026-08-04,11:15,692.0,692.0999755859375,690.0,691.4000244140625
2026-08-04,11:20,691.7000122070312,691.7000122070312,689.2000122070312,690.5999755859375
2026-08-04,11:25,690.5999755859375,691.7999877929688,690.5999755859375,690.5999755859375
2026-08-04,11:30,690.7999877929688,691.0,690.7999877929688,691.0
2026-08-04,12:30,691.5,695.7000122070312,691.5,694.7000122070312
2026-08-04,12:35,694.0999755859375,695.0,693.2999877929688,695.0
2026-08-04,12:40,695.0,695.2000122070312,689.7000122070312,690.5
2026-08-04,12:45,690.5999755859375,692.5999755859375,689.9000244140625,692.5
2026-08-04,12:50,692.0,695.4000244140625,692.0,693.7999877929688
2026-08-04,12:55,693.7000122070312,695.7999877929688,693.0,694.5
2026-08-04,13:00,695.2999877929688,696.0,693.0999755859375,693.0999755859375
2026-08-04,13:05,693.0,693.2000122070312,690.9000244140625,691.5
2026-08-04,13:10,691.4000244140625,691.7999877929688,689.4000244140625,691.7999877929688
2026-08-04,13:15,691.7999877929688,695.7999877929688,691.7999877929688,695.5
2026-08-04,13:20,695.5,695.5999755859375,693.5,695.0999755859375
2026-08-04,13:25,695.2999877929688,696.2000122070312,693.7999877929688,696.0
2026-08-04,13:30,696.0999755859375,696.7000122070312,695.0999755859375,695.0999755859375
2026-08-04,13:35,695.0,695.0,693.5,693.5
2026-08-04,13:40,693.4000244140625,694.5,693.2000122070312,694.4000244140625
2026-08-04,13:45,694.0,696.7999877929688,693.7999877929688,696.7999877929688
2026-08-04,13:50,696.7000122070312,698.0999755859375,696.0,697.0
2026-08-04,13:55,697.2999877929688,698.2000122070312,694.5,695.9000244140625
2026-08-04,14:00,696.0,697.2000122070312,693.7000122070312,694.7000122070312
2026-08-04,14:05,694.5,696.0,693.9000244140625,695.7999877929688
2026-08-04,14:10,695.2999877929688,695.5,692.0999755859375,693.5
2026-08-04,14:15,693.0999755859375,694.0,692.2000122070312,694.0
2026-08-04,14:20,694.2000122070312,696.0,694.0,696.0
2026-08-04,14:25,696.0999755859375,696.5999755859375,694.2000122070312,696.5999755859375
2026-08-04,14:30,696.5,697.7999877929688,695.5,697.5
2026-08-04,14:35,697.7000122070312,700.7999877929688,697.7000122070312,698.7999877929688
2026-08-04,14:40,698.5999755859375,700.7000122070312,698.4000244140625,700.5
2026-08-04,14:45,700.4000244140625,702.5,699.9000244140625,701.5999755859375
2026-08-04,14:50,701.5,704.2999877929688,701.4000244140625,704.2999877929688
2026-08-04,14:55,704.2000122070312,705.0,703.2000122070312,704.4000244140625
2026-08-04,15:00,704.7000122070312,705.0,703.0999755859375,704.7999877929688
2026-08-04,15:05,704.7999877929688,705.0999755859375,704.2000122070312,704.5
2026-08-04,15:10,704.4000244140625,705.7999877929688,704.2000122070312,705.5
2026-08-04,15:15,705.2999877929688,705.7000122070312,703.7999877929688,704.2000122070312
2026-08-04,15:20,704.0,705.2999877929688,703.7999877929688,704.4000244140625
2026-08-04,15:25,704.2000122070312,704.2000122070312,704.2000122070312,704.2000122070312
2026-08-05,09:05,740.7999877929688,744.0,739.0999755859375,740.2999877929688
2026-08-05,09:10,740.4000244140625,743.9000244140625,739.2999877929688,741.5
2026-08-05,09:15,741.4000244140625,745.5,740.4000244140625,745.4000244140625
2026-08-05,09:20,745.5999755859375,750.0999755859375,743.0999755859375,749.7000122070312
2026-08-05,09:25,749.7000122070312,751.2000122070312,746.7999877929688,751.2000122070312
2026-08-05,09:30,751.2999877929688,752.5,749.5999755859375,751.0
2026-08-05,09:35,751.0,751.0,746.4000244140625,747.5
2026-08-05,09:40,747.7999877929688,748.0999755859375,745.2000122070312,746.2000122070312
2026-08-05,09:45,746.2000122070312,747.5999755859375,743.7999877929688,745.0
2026-08-05,09:50,745.2000122070312,746.9000244140625,743.9000244140625,746.0999755859375
2026-08-05,09:55,746.2000122070312,747.2000122070312,744.7999877929688,746.5999755859375
2026-08-05,10:00,746.5999755859375,747.4000244140625,744.7000122070312,746.7000122070312
2026-08-05,10:05,746.7999877929688,748.7999877929688,746.7999877929688,748.0999755859375
2026-08-05,10:10,748.0999755859375,750.0999755859375,745.2999877929688,745.2999877929688
2026-08-05,10:15,745.4000244140625,745.4000244140625,741.7999877929688,742.9000244140625
2026-08-05,10:20,742.9000244140625,745.5,742.9000244140625,744.2999877929688
2026-08-05,10:25,744.2999877929688,744.2999877929688,740.7999877929688,743.0
2026-08-05,10:30,743.0,747.5,742.5,746.0999755859375
2026-08-05,10:35,746.0999755859375,747.4000244140625,745.7999877929688,747.0999755859375
2026-08-05,10:40,747.5,748.7999877929688,747.4000244140625,747.4000244140625
2026-08-05,10:45,747.7000122070312,749.0,747.7000122070312,749.0
2026-08-05,10:50,748.9000244140625,749.2000122070312,747.7999877929688,747.7999877929688
2026-08-05,10:55,747.7999877929688,749.7999877929688,747.2999877929688,749.4000244140625
2026-08-05,11:00,749.5999755859375,751.7999877929688,749.5,750.5999755859375
2026-08-05,11:05,750.7000122070312,751.7000122070312,750.2000122070312,750.4000244140625
2026-08-05,11:10,750.4000244140625,750.5,749.2999877929688,749.4000244140625
2026-08-05,11:15,749.0,749.2999877929688,747.7000122070312,748.7999877929688
2026-08-05,11:20,748.7999877929688,749.0999755859375,747.7999877929688,748.0999755859375
2026-08-05,11:25,748.0,748.0999755859375,746.0,746.2999877929688
2026-08-05,11:30,746.2000122070312,746.2000122070312,746.2000122070312,746.2000122070312
2026-08-05,12:30,744.5,745.2000122070312,743.2999877929688,744.7999877929688
2026-08-05,12:35,744.7000122070312,746.5,744.4000244140625,746.2999877929688
2026-08-05,12:40,746.2999877929688,747.9000244140625,746.0,747.5999755859375
2026-08-05,12:45,747.7000122070312,748.5,747.0,748.5
2026-08-05,12:50,748.7000122070312,749.0999755859375,747.5,748.0
2026-08-05,12:55,748.0999755859375,749.5999755859375,747.7999877929688,749.2000122070312
2026-08-05,13:00,749.0999755859375,750.7000122070312,749.0,750.4000244140625
2026-08-05,13:05,750.4000244140625,750.7000122070312,749.5,749.5
2026-08-05,13:10,749.7999877929688,750.4000244140625,748.7999877929688,749.0
2026-08-05,13:15,749.0,749.2999877929688,748.2999877929688,748.4000244140625
2026-08-05,13:20,748.2999877929688,748.7999877929688,746.9000244140625,747.5
2026-08-05,13:25,747.5999755859375,748.2000122070312,747.0,748.0999755859375
2026-08-05,13:30,748.2999877929688,751.0,748.2999877929688,750.7000122070312
2026-08-05,13:35,750.7999877929688,751.5999755859375,750.4000244140625,751.2999877929688
2026-08-05,13:40,751.2999877929688,752.2000122070312,751.2999877929688,751.7000122070312
2026-08-05,13:45,751.5,751.5,750.5999755859375,750.7000122070312
2026-08-05,13:50,750.5,751.4000244140625,749.5999755859375,751.4000244140625
2026-08-05,13:55,751.4000244140625,753.2000122070312,751.4000244140625,752.4000244140625
2026-08-05,14:00,752.4000244140625,753.2999877929688,752.0,752.0
2026-08-05,14:05,752.0,752.0,750.7000122070312,751.5
2026-08-05,14:10,751.0,752.7999877929688,750.7999877929688,752.5999755859375
2026-08-05,14:15,752.7999877929688,753.4000244140625,752.4000244140625,752.5
2026-08-05,14:20,752.4000244140625,753.5,752.4000244140625,753.4000244140625
2026-08-05,14:25,753.2999877929688,754.0999755859375,752.7999877929688,752.7999877929688
2026-08-05,14:30,752.7999877929688,753.2999877929688,752.0,753.0
2026-08-05,14:35,753.0999755859375,754.0999755859375,752.5,752.9000244140625
2026-08-05,14:40,752.9000244140625,754.5,752.7000122070312,754.0
2026-08-05,14:45,754.0999755859375,754.5,753.5999755859375,754.4000244140625
2026-08-05,14:50,754.4000244140625,754.7999877929688,752.7999877929688,753.7999877929688
2026-08-05,14:55,753.5999755859375,753.7000122070312,752.9000244140625,752.9000244140625
2026-08-05,15:00,753.0999755859375,754.9000244140625,753.0999755859375,754.5
2026-08-05,15:05,754.2000122070312,754.9000244140625,753.5,754.7999877929688
2026-08-05,15:10,754.5999755859375,755.0999755859375,754.0,754.0
2026-08-05,15:15,754.0,754.5,753.0,754.5
2026-08-05,15:20,754.2999877929688,755.0999755859375,753.2999877929688,754.7000122070312
2026-08-06,09:05,739.4000244140625,740.2000122070312,735.7999877929688,736.4000244140625
2026-08-06,09:10,736.4000244140625,740.5999755859375,735.0,740.5999755859375
2026-08-06,09:15,740.2000122070312,741.0999755859375,733.0999755859375,734.2000122070312
2026-08-06,09:20,734.4000244140625,736.2000122070312,732.0999755859375,736.0999755859375
2026-08-06,09:25,735.7999877929688,737.0,730.5,731.5
2026-08-06,09:30,731.9000244140625,733.7999877929688,731.2999877929688,732.5999755859375
2026-08-06,09:35,732.2999877929688,736.0999755859375,732.0999755859375,736.0999755859375
2026-08-06,09:40,736.2000122070312,737.5,733.0999755859375,733.2999877929688
2026-08-06,09:45,733.7999877929688,735.2000122070312,732.9000244140625,733.2999877929688
2026-08-06,09:50,733.2999877929688,733.2999877929688,729.7999877929688,730.0
2026-08-06,09:55,730.2000122070312,731.5999755859375,729.7000122070312,730.0
2026-08-06,10:00,730.4000244140625,731.2000122070312,728.0999755859375,729.2000122070312
2026-08-06,10:05,729.0999755859375,730.5999755859375,728.2999877929688,729.5999755859375
2026-08-06,10:10,729.9000244140625,732.2000122070312,729.0999755859375,731.5
2026-08-06,10:15,731.4000244140625,731.4000244140625,727.5999755859375,729.2000122070312
2026-08-06,10:20,729.0999755859375,729.0999755859375,726.2000122070312,727.4000244140625
2026-08-06,10:25,727.5999755859375,727.5999755859375,724.7000122070312,726.0
2026-08-06,10:30,726.0,728.9000244140625,725.7000122070312,726.5
2026-08-06,10:35,726.0999755859375,727.0,724.9000244140625,725.4000244140625
2026-08-06,10:40,725.5,727.5999755859375,724.7999877929688,724.7999877929688
2026-08-06,10:45,724.9000244140625,728.2000122070312,724.5,726.9000244140625
2026-08-06,10:50,727.0,727.2999877929688,724.5999755859375,726.2000122070312
2026-08-06,10:55,725.5,726.5,724.9000244140625,726.5
2026-08-06,11:00,726.7999877929688,727.9000244140625,725.7000122070312,726.7999877929688
2026-08-06,11:05,727.0,729.7000122070312,727.0,729.7000122070312
2026-08-06,11:10,729.5999755859375,731.0,728.7000122070312,730.9000244140625
2026-08-06,11:15,730.7999877929688,732.2000122070312,730.4000244140625,731.9000244140625
2026-08-06,11:20,732.0,734.5,731.7000122070312,734.0
2026-08-06,11:25,733.7000122070312,734.0999755859375,732.0,732.5
2026-08-06,11:30,732.2000122070312,732.4000244140625,732.0,732.4000244140625
2026-08-06,12:30,736.5999755859375,737.7000122070312,733.7999877929688,735.2999877929688
2026-08-06,12:35,735.5,739.2000122070312,734.9000244140625,738.9000244140625
2026-08-06,12:40,739.0,739.2999877929688,736.5,739.0
2026-08-06,12:45,738.7999877929688,739.7999877929688,738.2000122070312,739.2999877929688
2026-08-06,12:50,739.5,739.5,736.0,736.4000244140625
2026-08-06,12:55,736.5,738.7000122070312,736.5,738.2999877929688
2026-08-06,13:00,738.5999755859375,738.7999877929688,735.5999755859375,736.7000122070312
2026-08-06,13:05,736.5999755859375,738.9000244140625,736.5999755859375,738.0
2026-08-06,13:10,737.9000244140625,739.5999755859375,737.5999755859375,738.5
2026-08-06,13:15,738.2999877929688,739.5,737.2000122070312,738.0
2026-08-06,13:20,738.2000122070312,740.2999877929688,738.2000122070312,740.0
2026-08-06,13:25,740.0999755859375,740.4000244140625,739.0,740.0
2026-08-06,13:30,739.7000122070312,741.2000122070312,738.2999877929688,738.5999755859375
2026-08-06,13:35,738.7000122070312,739.7000122070312,737.2000122070312,737.5999755859375
2026-08-06,13:40,737.5,738.7999877929688,737.5,738.0
2026-08-06,13:45,737.7999877929688,738.5,737.2000122070312,738.0
2026-08-06,13:50,738.2000122070312,740.2000122070312,737.9000244140625,740.0999755859375
2026-08-06,13:55,740.0999755859375,740.2999877929688,739.2000122070312,740.0
2026-08-06,14:00,740.0999755859375,744.5,740.0999755859375,743.5
2026-08-06,14:05,743.4000244140625,745.0,743.0999755859375,743.5999755859375
2026-08-06,14:10,743.4000244140625,743.5,741.0999755859375,742.4000244140625
2026-08-06,14:15,742.4000244140625,744.2000122070312,742.2999877929688,743.2000122070312
2026-08-06,14:20,743.5,743.5999755859375,742.2000122070312,743.0999755859375
2026-08-06,14:25,742.7000122070312,743.2999877929688,741.7999877929688,742.2999877929688
2026-08-06,14:30,742.2000122070312,742.7999877929688,741.0,741.5999755859375
2026-08-06,14:35,741.2999877929688,741.5999755859375,739.5999755859375,740.2999877929688
2026-08-06,14:40,740.0999755859375,742.9000244140625,739.7000122070312,742.5
2026-08-06,14:45,742.5,742.5,739.2000122070312,739.2999877929688
2026-08-06,14:50,739.4000244140625,741.4000244140625,739.2999877929688,740.5999755859375
2026-08-06,14:55,740.5999755859375,741.7999877929688,740.4000244140625,741.7999877929688
2026-08-06,15:00,741.5999755859375,741.5999755859375,739.9000244140625,740.7999877929688
2026-08-06,15:05,740.7000122070312,741.5,740.7000122070312,740.7000122070312
2026-08-06,15:10,741.0,742.0,739.7999877929688,740.0999755859375
2026-08-06,15:15,740.2999877929688,741.0999755859375,738.4000244140625,738.9000244140625
2026-08-06,15:20,739.0999755859375,740.0,738.7000122070312,739.7999877929688
2026-08-07,09:05,743.4000244140625,744.0,737.2999877929688,737.2999877929688
2026-08-07,09:10,737.2000122070312,738.0,731.7000122070312,733.2000122070312
2026-08-07,09:15,733.0999755859375,733.0999755859375,728.4000244140625,732.7999877929688
2026-08-07,09:20,733.0,733.0,729.2999877929688,729.5999755859375
2026-08-07,09:25,729.4000244140625,734.5,729.0999755859375,734.2000122070312
2026-08-07,09:30,734.0999755859375,737.0,732.0,737.0
2026-08-07,09:35,737.0999755859375,737.0999755859375,733.2999877929688,735.0
2026-08-07,09:40,734.5,734.5,730.2999877929688,732.7000122070312
2026-08-07,09:45,733.0999755859375,733.7000122070312,727.9000244140625,728.0999755859375
2026-08-07,09:50,728.4000244140625,734.0999755859375,727.7999877929688,732.0
2026-08-07,09:55,732.2000122070312,732.4000244140625,728.0,730.5
2026-08-07,10:00,730.7999877929688,731.2000122070312,727.9000244140625,729.7999877929688
2026-08-07,10:05,729.7999877929688,730.7000122070312,727.7000122070312,727.7999877929688
2026-08-07,10:10,728.2000122070312,728.5,725.2999877929688,726.2000122070312
2026-08-07,10:15,726.5,726.5,724.2000122070312,724.7999877929688
2026-08-07,10:20,724.7999877929688,724.7999877929688,721.5,722.7999877929688
2026-08-07,10:25,722.7000122070312,727.4000244140625,722.5,727.0999755859375
2026-08-07,10:30,727.0999755859375,728.7999877929688,724.2000122070312,724.4000244140625
2026-08-07,10:35,724.5999755859375,724.5999755859375,719.4000244140625,719.7000122070312
2026-08-07,10:40,719.7000122070312,720.9000244140625,718.2000122070312,719.5
2026-08-07,10:45,719.9000244140625,723.2999877929688,719.2000122070312,723.2000122070312
2026-08-07,10:50,723.2000122070312,724.2999877929688,721.0999755859375,723.2000122070312
2026-08-07,10:55,723.5,724.4000244140625,721.2000122070312,723.2999877929688
2026-08-07,11:00,723.0,726.2999877929688,722.0999755859375,726.2999877929688
2026-08-07,11:05,726.5,727.0,723.2999877929688,723.5999755859375
2026-08-07,11:10,724.2999877929688,727.0999755859375,722.7999877929688,726.4000244140625
2026-08-07,11:15,726.2999877929688,729.2999877929688,726.2999877929688,728.5999755859375
2026-08-07,11:20,728.9000244140625,729.2000122070312,726.7999877929688,727.7999877929688
2026-08-07,11:25,727.7999877929688,727.7999877929688,725.5,726.7999877929688
2026-08-07,11:30,726.5,726.5,726.5,726.5
2026-08-07,12:30,727.0,731.2000122070312,727.0,729.2000122070312
2026-08-07,12:35,729.4000244140625,732.5999755859375,729.0999755859375,731.0
2026-08-07,12:40,731.0999755859375,731.7000122070312,729.2999877929688,730.5
2026-08-07,12:45,730.0,730.5,728.0,730.2000122070312
2026-08-07,12:50,730.0999755859375,730.2000122070312,726.9000244140625,727.9000244140625
2026-08-07,12:55,727.5999755859375,728.0,726.5999755859375,727.5
2026-08-07,13:00,727.4000244140625,728.7000122070312,725.9000244140625,728.2999877929688
2026-08-07,13:05,728.2999877929688,730.5999755859375,728.2000122070312,730.0
2026-08-07,13:10,730.2000122070312,731.7999877929688,729.7999877929688,730.7000122070312
2026-08-07,13:15,730.5,731.0999755859375,727.7999877929688,731.0999755859375
2026-08-07,13:20,731.2999877929688,733.5,731.0999755859375,733.5
2026-08-07,13:25,733.4000244140625,733.7000122070312,732.4000244140625,733.5
2026-08-07,13:30,733.5999755859375,733.7999877929688,732.5,732.7999877929688
2026-08-07,13:35,732.9000244140625,733.7000122070312,732.4000244140625,732.5999755859375
2026-08-07,13:40,733.0,733.5999755859375,731.5999755859375,732.2999877929688
2026-08-07,13:45,732.0,732.7999877929688,731.7999877929688,732.5
2026-08-07,13:50,732.0,732.0999755859375,730.2999877929688,732.0999755859375
2026-08-07,13:55,731.5,733.0,731.2999877929688,732.0999755859375
2026-08-07,14:00,732.5,736.0999755859375,732.5,735.5
2026-08-07,14:05,735.5,736.5999755859375,734.7000122070312,734.7999877929688
2026-08-07,14:10,734.9000244140625,735.2999877929688,733.7000122070312,734.5
2026-08-07,14:15,734.5999755859375,738.5,734.5999755859375,738.0
2026-08-07,14:20,738.4000244140625,739.7999877929688,738.0,738.4000244140625
2026-08-07,14:25,739.0,741.0999755859375,739.0,740.4000244140625
2026-08-07,14:30,740.5999755859375,740.5999755859375,737.4000244140625,738.0
2026-08-07,14:35,737.4000244140625,737.4000244140625,735.2000122070312,735.2999877929688
2026-08-07,14:40,735.0999755859375,736.0999755859375,734.2999877929688,736.0
2026-08-07,14:45,736.0999755859375,737.0,735.5999755859375,737.0
2026-08-07,14:50,736.9000244140625,737.4000244140625,736.2000122070312,737.4000244140625
2026-08-07,14:55,737.2000122070312,737.5,736.2000122070312,736.5
2026-08-07,15:00,736.7000122070312,738.5,736.4000244140625,738.4000244140625
2026-08-07,15:05,738.4000244140625,739.2999877929688,737.7000122070312,739.0
2026-08-07,15:10,739.2000122070312,740.7000122070312,739.0999755859375,740.2000122070312
2026-08-07,15:15,740.0,740.7999877929688,739.7000122070312,740.7999877929688
2026-08-07,15:20,740.7000122070312,740.7000122070312,739.5,740.5999755859375
2026-08-10,09:00,752.2000122070312,754.2000122070312,749.4000244140625,749.4000244140625
2026-08-10,09:05,749.4000244140625,761.2000122070312,748.9000244140625,758.2000122070312
2026-08-10,09:10,758.2000122070312,762.0,756.5999755859375,757.5999755859375
2026-08-10,09:15,757.7999877929688,759.2999877929688,754.7000122070312,756.7000122070312
2026-08-10,09:20,756.7000122070312,762.0999755859375,756.4000244140625,761.9000244140625
2026-08-10,09:25,762.0,764.0,758.9000244140625,759.2999877929688
2026-08-10,09:30,759.2000122070312,763.7999877929688,758.9000244140625,763.0999755859375
2026-08-10,09:35,763.2000122070312,763.7999877929688,759.7999877929688,760.7000122070312
2026-08-10,09:40,760.5999755859375,760.9000244140625,757.0999755859375,758.0
2026-08-10,09:45,758.5999755859375,760.5999755859375,758.0,759.7999877929688
2026-08-10,09:50,759.7999877929688,760.7999877929688,757.7999877929688,758.5999755859375
2026-08-10,09:55,758.5999755859375,760.2999877929688,757.5999755859375,759.2999877929688
2026-08-10,10:00,759.0999755859375,761.7999877929688,756.5999755859375,761.0999755859375
2026-08-10,10:05,761.2000122070312,762.5,759.7999877929688,761.4000244140625
2026-08-10,10:10,761.4000244140625,766.0999755859375,761.4000244140625,766.0
2026-08-10,10:15,766.2999877929688,768.7999877929688,765.2999877929688,768.2000122070312
2026-08-10,10:20,768.2999877929688,769.2999877929688,766.5,769.2000122070312
2026-08-10,10:25,769.2000122070312,769.5999755859375,766.7999877929688,766.7999877929688
2026-08-10,10:30,766.7000122070312,767.4000244140625,764.7000122070312,767.4000244140625
2026-08-10,10:35,767.4000244140625,769.9000244140625,766.4000244140625,769.5999755859375
2026-08-10,10:40,769.0999755859375,769.0999755859375,765.5999755859375,766.9000244140625
2026-08-10,10:45,767.4000244140625,770.5,766.9000244140625,770.0
2026-08-10,10:50,770.0,771.2999877929688,770.0,770.0999755859375
2026-08-10,10:55,770.2000122070312,770.5,769.2000122070312,769.5999755859375
2026-08-10,11:00,769.9000244140625,770.9000244140625,769.0,769.7000122070312
2026-08-10,11:05,769.5,770.0,768.4000244140625,769.0
2026-08-10,11:10,769.2999877929688,771.0,769.2999877929688,770.2999877929688
2026-08-10,11:15,770.2000122070312,770.4000244140625,768.2999877929688,769.0999755859375
2026-08-10,11:20,768.7999877929688,770.2999877929688,768.5999755859375,768.7000122070312
2026-08-10,11:25,768.7000122070312,769.7000122070312,768.2999877929688,769.2999877929688
2026-08-10,11:30,769.2999877929688,769.2999877929688,769.2999877929688,769.2999877929688
2026-08-10,12:30,768.0999755859375,768.7999877929688,765.7999877929688,768.7000122070312
2026-08-10,12:35,768.7000122070312,769.0,767.0999755859375,768.7999877929688
2026-08-10,12:40,768.5999755859375,769.7000122070312,768.2000122070312,769.7000122070312
2026-08-10,12:45,769.5,769.9000244140625,767.4000244140625,767.5999755859375
2026-08-10,12:50,767.9000244140625,768.7000122070312,766.7999877929688,766.9000244140625
2026-08-10,12:55,766.9000244140625,768.9000244140625,766.4000244140625,768.0999755859375
2026-08-10,13:00,768.0999755859375,769.9000244140625,768.0,768.4000244140625
2026-08-10,13:05,768.7999877929688,769.2000122070312,767.9000244140625,769.0999755859375
2026-08-10,13:10,769.0999755859375,769.0999755859375,767.0999755859375,768.2000122070312
2026-08-10,13:15,768.0,769.2999877929688,767.2999877929688,768.7999877929688
2026-08-10,13:20,768.7999877929688,769.5,768.7000122070312,768.9000244140625
2026-08-10,13:25,768.9000244140625,769.7000122070312,768.7000122070312,769.7000122070312
2026-08-10,13:30,769.5999755859375,769.7000122070312,766.4000244140625,767.0
2026-08-10,13:35,766.9000244140625,767.7000122070312,765.7000122070312,765.7999877929688
2026-08-10,13:40,765.7000122070312,767.4000244140625,764.5999755859375,767.0
2026-08-10,13:45,767.0,768.0,766.2000122070312,767.2000122070312
2026-08-10,13:50,767.2000122070312,768.0999755859375,765.5,765.5
2026-08-10,13:55,765.5,766.0999755859375,765.0,766.0
2026-08-10,14:00,766.2000122070312,768.2000122070312,766.0,768.2000122070312
2026-08-10,14:05,768.2999877929688,769.2000122070312,768.2999877929688,768.9000244140625
2026-08-10,14:10,769.0,770.2000122070312,768.7000122070312,770.0
2026-08-10,14:15,770.0,770.0999755859375,769.5,769.7999877929688
2026-08-10,14:20,770.0,770.5,769.2999877929688,770.0999755859375
2026-08-10,14:25,770.2000122070312,770.2000122070312,769.2000122070312,769.4000244140625
2026-08-10,14:30,769.5999755859375,770.2000122070312,768.7000122070312,769.7000122070312
2026-08-10,14:35,769.7000122070312,770.5999755859375,769.7000122070312,770.0
2026-08-10,14:40,770.2000122070312,770.4000244140625,769.7000122070312,770.0
2026-08-10,14:45,770.0,770.2000122070312,768.9000244140625,768.9000244140625
2026-08-10,14:50,768.7999877929688,769.5999755859375,768.5,769.2000122070312
2026-08-10,14:55,769.2999877929688,769.5,768.2999877929688,768.5999755859375
2026-08-10,15:00,768.5999755859375,769.2000122070312,768.0,768.4000244140625
2026-08-10,15:05,768.2000122070312,768.4000244140625,767.2000122070312,768.2000122070312
2026-08-10,15:10,768.5,768.5999755859375,768.0,768.4000244140625
2026-08-10,15:15,768.2999877929688,770.0,767.7000122070312,769.7999877929688
2026-08-10,15:20,769.7999877929688,770.7999877929688,769.4000244140625,770.2000122070312
2026-08-12,09:05,771.0999755859375,774.4000244140625,767.2000122070312,768.9000244140625
2026-08-12,09:10,768.9000244140625,770.4000244140625,766.0999755859375,770.4000244140625
2026-08-12,09:15,770.2999877929688,770.7999877929688,767.4000244140625,770.2000122070312
2026-08-12,09:20,770.2000122070312,771.7999877929688,767.7000122070312,768.5999755859375
2026-08-12,09:25,768.5999755859375,773.2999877929688,767.2000122070312,772.4000244140625
2026-08-12,09:30,772.7000122070312,772.9000244140625,769.0999755859375,769.5
2026-08-12,09:35,769.5,771.4000244140625,768.0,768.4000244140625
2026-08-12,09:40,768.5999755859375,771.2999877929688,768.2999877929688,770.9000244140625
2026-08-12,09:45,771.2000122070312,772.5999755859375,770.2000122070312,771.0
2026-08-12,09:50,771.2000122070312,772.9000244140625,770.9000244140625,771.0999755859375
2026-08-12,09:55,771.0,771.4000244140625,769.0999755859375,769.7999877929688
2026-08-12,10:00,769.7999877929688,770.5,768.2000122070312,768.2999877929688
2026-08-12,10:05,768.4000244140625,769.9000244140625,766.7000122070312,769.9000244140625
2026-08-12,10:10,769.0999755859375,769.9000244140625,768.0,769.9000244140625
2026-08-12,10:15,769.5999755859375,769.7000122070312,767.2999877929688,769.5999755859375
2026-08-12,10:20,769.5999755859375,769.5999755859375,767.7000122070312,768.2000122070312
2026-08-12,10:25,768.0,769.5999755859375,766.9000244140625,768.7999877929688
2026-08-12,10:30,768.5999755859375,768.5999755859375,767.4000244140625,768.0
2026-08-12,10:35,768.0999755859375,770.4000244140625,767.7999877929688,769.7000122070312
2026-08-12,10:40,770.0,773.7999877929688,770.0,773.2000122070312
2026-08-12,10:45,773.5,773.7999877929688,771.2000122070312,771.5
2026-08-12,10:50,771.5999755859375,773.7999877929688,771.5999755859375,771.9000244140625
2026-08-12,10:55,771.7000122070312,772.5999755859375,770.9000244140625,772.5
2026-08-12,11:00,772.2000122070312,772.7000122070312,769.7000122070312,770.2000122070312
2026-08-12,11:05,770.5,770.7999877929688,769.2000122070312,770.2999877929688
2026-08-12,11:10,770.4000244140625,772.0,770.2000122070312,771.5
2026-08-12,11:15,771.4000244140625,771.9000244140625,770.5,771.4000244140625
2026-08-12,11:20,771.0,771.0,770.0,770.7000122070312
2026-08-12,11:25,770.7999877929688,772.0999755859375,770.7999877929688,771.9000244140625
2026-08-12,11:30,771.7999877929688,771.7999877929688,771.7999877929688,771.7999877929688
2026-08-12,12:30,776.0,778.5999755859375,775.0999755859375,778.4000244140625
2026-08-12,12:35,778.5,779.4000244140625,775.5999755859375,776.7000122070312
2026-08-12,12:40,776.5,778.2999877929688,775.7999877929688,776.2000122070312
2026-08-12,12:45,776.2000122070312,777.7999877929688,775.9000244140625,777.4000244140625
2026-08-12,12:50,777.5,778.5,777.2999877929688,777.4000244140625
2026-08-12,12:55,777.2000122070312,777.9000244140625,776.9000244140625,777.5999755859375
2026-08-12,13:00,777.7000122070312,778.4000244140625,777.5,778.4000244140625
2026-08-12,13:05,778.4000244140625,778.9000244140625,778.2000122070312,778.4000244140625
2026-08-12,13:10,778.4000244140625,779.7999877929688,778.2000122070312,779.7000122070312
2026-08-12,13:15,779.5999755859375,780.2999877929688,779.2000122070312,780.0999755859375
2026-08-12,13:20,780.0999755859375,780.7999877929688,780.0999755859375,780.5999755859375
2026-08-12,13:25,780.7000122070312,780.7999877929688,779.5999755859375,780.2999877929688
2026-08-12,13:30,780.0,780.5999755859375,778.7000122070312,779.0999755859375
2026-08-12,13:35,779.0999755859375,779.7999877929688,778.7000122070312,778.7000122070312
2026-08-12,13:40,778.7000122070312,778.7999877929688,777.7000122070312,778.7999877929688
2026-08-12,13:45,778.5999755859375,780.5999755859375,778.5,780.5999755859375
2026-08-12,13:50,780.5,781.2999877929688,780.5,781.2999877929688
2026-08-12,13:55,781.2999877929688,782.2000122070312,781.0,782.2000122070312
2026-08-12,14:00,782.2999877929688,782.2999877929688,780.7000122070312,781.0999755859375
2026-08-12,14:05,781.0,782.0,780.7999877929688,781.7000122070312
2026-08-12,14:10,781.7000122070312,781.9000244140625,781.2999877929688,781.2999877929688
2026-08-12,14:15,781.4000244140625,781.9000244140625,781.0999755859375,781.9000244140625
2026-08-12,14:20,781.7000122070312,782.2999877929688,781.2000122070312,782.2000122070312
2026-08-12,14:25,782.2999877929688,783.2000122070312,782.2000122070312,782.7000122070312
2026-08-12,14:30,782.5,783.7999877929688,782.0,783.2999877929688
2026-08-12,14:35,783.2000122070312,783.7999877929688,782.9000244140625,783.0999755859375
2026-08-12,14:40,783.2000122070312,783.7000122070312,783.0,783.0
2026-08-12,14:45,782.9000244140625,783.2000122070312,782.2000122070312,782.7000122070312
2026-08-12,14:50,782.5,783.5999755859375,782.4000244140625,783.5
2026-08-12,14:55,783.5,783.5,782.2000122070312,782.4000244140625
2026-08-12,15:00,782.5,783.5999755859375,782.4000244140625,783.5999755859375
2026-08-12,15:05,783.5999755859375,783.7999877929688,783.2000122070312,783.5999755859375
2026-08-12,15:10,783.5999755859375,783.7000122070312,782.2000122070312,782.2999877929688
2026-08-12,15:15,782.5,782.7999877929688,781.7000122070312,782.5
2026-08-12,15:20,782.2999877929688,783.7000122070312,781.9000244140625,783.4000244140625
2026-08-13,09:05,808.5999755859375,812.2000122070312,807.0,811.0999755859375
2026-08-13,09:10,811.4000244140625,811.9000244140625,809.0999755859375,810.5999755859375
2026-08-13,09:15,810.5,812.0999755859375,808.2000122070312,810.4000244140625
2026-08-13,09:20,810.5,812.5,808.0,808.4000244140625
2026-08-13,09:25,808.2999877929688,808.5,802.7999877929688,802.7999877929688
2026-08-13,09:30,803.0,804.5,798.0,800.4000244140625
2026-08-13,09:35,800.4000244140625,801.5999755859375,798.2000122070312,801.5999755859375
2026-08-13,09:40,801.5999755859375,804.5,801.0,804.5
2026-08-13,09:45,804.4000244140625,807.7999877929688,803.7999877929688,807.2999877929688
2026-08-13,09:50,807.2999877929688,807.5999755859375,803.9000244140625,804.9000244140625
2026-08-13,09:55,804.7999877929688,808.0999755859375,803.0999755859375,808.0999755859375
2026-08-13,10:00,808.2000122070312,808.7000122070312,804.4000244140625,804.7000122070312
2026-08-13,10:05,804.9000244140625,806.5,803.9000244140625,806.2999877929688
2026-08-13,10:10,806.5,806.9000244140625,804.4000244140625,804.9000244140625
2026-08-13,10:15,804.7000122070312,805.0,803.2999877929688,804.0
2026-08-13,10:20,803.7999877929688,804.2000122070312,802.7999877929688,803.2000122070312
2026-08-13,10:25,803.2000122070312,804.4000244140625,801.7999877929688,802.4000244140625
2026-08-13,10:30,802.2999877929688,802.7999877929688,801.0,802.5999755859375
2026-08-13,10:35,802.9000244140625,803.9000244140625,802.0,803.7999877929688
2026-08-13,10:40,803.5999755859375,803.5999755859375,801.5,802.0999755859375
2026-08-13,10:45,802.2000122070312,802.7999877929688,801.5,802.5999755859375
2026-08-13,10:50,802.5,806.0999755859375,802.5,806.0
2026-08-13,10:55,805.9000244140625,807.4000244140625,804.5,804.7999877929688
2026-08-13,11:00,804.7999877929688,807.2999877929688,803.7000122070312,806.4000244140625
2026-08-13,11:05,806.5,808.0999755859375,806.5,807.0999755859375
2026-08-13,11:10,807.5999755859375,808.2000122070312,806.9000244140625,807.2000122070312
2026-08-13,11:15,807.2999877929688,808.2000122070312,807.0,807.5999755859375
2026-08-13,11:20,807.7999877929688,808.4000244140625,807.0999755859375,807.9000244140625
2026-08-13,11:25,807.7999877929688,808.0999755859375,807.2000122070312,807.7000122070312
2026-08-13,11:30,807.2999877929688,807.2999877929688,807.2999877929688,807.2999877929688
2026-08-13,12:30,810.0,811.2999877929688,809.5,809.7999877929688
2026-08-13,12:35,809.5999755859375,811.0999755859375,809.5999755859375,810.7000122070312
2026-08-13,12:40,810.5,811.0999755859375,809.5,809.5
2026-08-13,12:45,809.7000122070312,811.9000244140625,809.7000122070312,810.9000244140625
2026-08-13,12:50,810.5,811.7999877929688,810.2999877929688,811.7999877929688
2026-08-13,12:55,811.9000244140625,812.0999755859375,810.0,810.0
2026-08-13,13:00,810.0,810.4000244140625,808.5999755859375,808.7999877929688
2026-08-13,13:05,808.9000244140625,810.2999877929688,808.9000244140625,810.2999877929688
2026-08-13,13:10,810.0,810.9000244140625,809.2000122070312,809.2000122070312
2026-08-13,13:15,809.2000122070312,810.4000244140625,809.0,810.0
2026-08-13,13:20,809.7999877929688,810.0,807.7000122070312,809.0999755859375
2026-08-13,13:25,809.2999877929688,811.0,809.2999877929688,810.0999755859375
2026-08-13,13:30,810.2999877929688,811.5,810.2999877929688,811.2000122070312
2026-08-13,13:35,811.0,812.0999755859375,810.0999755859375,810.2000122070312
2026-08-13,13:40,810.0999755859375,810.0999755859375,808.9000244140625,808.9000244140625
2026-08-13,13:45,808.9000244140625,808.9000244140625,806.5999755859375,808.5
2026-08-13,13:50,808.2000122070312,808.4000244140625,806.7999877929688,807.5999755859375
2026-08-13,13:55,807.7999877929688,807.9000244140625,805.2999877929688,805.2999877929688
2026-08-13,14:00,805.2999877929688,807.0999755859375,804.7000122070312,806.9000244140625
2026-08-13,14:05,807.0,808.2999877929688,806.7000122070312,807.7000122070312
2026-08-13,14:10,807.5999755859375,809.5999755859375,807.4000244140625,809.5
2026-08-13,14:15,809.4000244140625,809.9000244140625,807.5999755859375,807.5999755859375
2026-08-13,14:20,807.7000122070312,809.0,807.5,807.7000122070312
2026-08-13,14:25,808.0,809.2000122070312,808.0,809.0
2026-08-13,14:30,809.0,809.7999877929688,807.2000122070312,808.2000122070312
2026-08-13,14:35,808.2000122070312,808.7999877929688,805.7000122070312,806.4000244140625
2026-08-13,14:40,806.2999877929688,806.2999877929688,804.0999755859375,804.2000122070312
2026-08-13,14:45,804.0999755859375,804.7000122070312,803.2000122070312,804.4000244140625
2026-08-13,14:50,804.4000244140625,805.7999877929688,802.7999877929688,803.0
2026-08-13,14:55,802.9000244140625,804.0999755859375,802.2000122070312,802.4000244140625
2026-08-13,15:00,802.4000244140625,802.9000244140625,801.0,801.4000244140625
2026-08-13,15:05,801.2999877929688,802.0,800.5,801.5999755859375
2026-08-13,15:10,801.7000122070312,801.7999877929688,800.2999877929688,801.2000122070312
2026-08-13,15:15,801.0999755859375,802.0,800.2000122070312,801.7000122070312
2026-08-13,15:20,801.7000122070312,803.0,801.5999755859375,802.7000122070312
2026-08-14,09:05,828.0999755859375,829.2999877929688,826.0,828.2999877929688
2026-08-14,09:10,827.5999755859375,828.0999755859375,821.7999877929688,822.2000122070312
2026-08-14,09:15,822.2000122070312,827.5,821.0,824.9000244140625
2026-08-14,09:20,825.2999877929688,828.5999755859375,824.7000122070312,828.0999755859375
2026-08-14,09:25,828.4000244140625,828.9000244140625,826.7999877929688,827.7000122070312
2026-08-14,09:30,828.0,828.7999877929688,826.9000244140625,828.2000122070312
2026-08-14,09:35,828.2999877929688,831.2999877929688,827.2000122070312,830.7999877929688
2026-08-14,09:40,830.7999877929688,830.9000244140625,827.0,827.0
2026-08-14,09:45,827.5,828.0,823.5999755859375,823.5999755859375
2026-08-14,09:50,823.9000244140625,826.0,821.2999877929688,823.0999755859375
2026-08-14,09:55,822.7999877929688,825.2000122070312,822.2999877929688,824.0999755859375
2026-08-14,10:00,823.7000122070312,824.0,817.5999755859375,818.7000122070312
2026-08-14,10:05,818.5999755859375,821.2999877929688,817.9000244140625,820.0
2026-08-14,10:10,820.0,820.0999755859375,816.5,817.5999755859375
2026-08-14,10:15,817.2000122070312,817.2999877929688,815.5,816.2000122070312
2026-08-14,10:20,816.2999877929688,818.9000244140625,814.4000244140625,816.7999877929688
2026-08-14,10:25,816.7000122070312,816.7000122070312,813.5,815.2000122070312
2026-08-14,10:30,815.0999755859375,815.2999877929688,811.0,811.5
2026-08-14,10:35,811.7999877929688,814.4000244140625,811.7999877929688,812.4000244140625
2026-08-14,10:40,812.7000122070312,815.7999877929688,812.7000122070312,815.7999877929688
2026-08-14,10:45,815.7000122070312,816.0,814.5,815.7999877929688
2026-08-14,10:50,815.9000244140625,816.0,812.0999755859375,812.0999755859375
2026-08-14,10:55,812.5,813.2999877929688,811.5,812.5
2026-08-14,11:00,812.7999877929688,813.7999877929688,812.2000122070312,813.0
2026-08-14,11:05,813.0999755859375,815.2999877929688,813.0999755859375,814.0999755859375
2026-08-14,11:10,814.0999755859375,816.2999877929688,813.9000244140625,815.2999877929688
2026-08-14,11:15,815.5,815.7000122070312,813.0,813.0
2026-08-14,11:20,813.0,814.7999877929688,812.4000244140625,813.7999877929688
2026-08-14,11:25,813.7999877929688,814.5,813.2000122070312,814.5
2026-08-14,11:30,814.0999755859375,814.0999755859375,814.0999755859375,814.0999755859375
2026-08-14,12:30,815.0999755859375,816.7999877929688,813.2000122070312,814.2000122070312
2026-08-14,12:35,813.5999755859375,814.2000122070312,812.7999877929688,812.7999877929688
2026-08-14,12:40,812.7999877929688,813.0,811.7999877929688,812.2000122070312
2026-08-14,12:45,812.5999755859375,812.7000122070312,810.5,810.7999877929688
2026-08-14,12:50,811.0,811.5999755859375,810.0,810.7999877929688
2026-08-14,12:55,810.5,810.5,808.4000244140625,808.5999755859375
2026-08-14,13:00,808.5999755859375,808.5999755859375,806.0999755859375,807.5
2026-08-14,13:05,807.5,809.2999877929688,807.2000122070312,808.5
2026-08-14,13:10,808.9000244140625,809.0,807.0,807.2999877929688
2026-08-14,13:15,807.2000122070312,809.2999877929688,807.0999755859375,808.4000244140625
2026-08-14,13:20,808.2999877929688,809.0999755859375,808.0999755859375,809.0
2026-08-14,13:25,809.0999755859375,810.5,808.0,808.5
2026-08-14,13:30,808.7000122070312,810.2000122070312,807.2000122070312,807.2000122070312
2026-08-14,13:35,807.0999755859375,807.4000244140625,806.4000244140625,807.0999755859375
2026-08-14,13:40,807.0,808.4000244140625,806.5,806.5
2026-08-14,13:45,806.5999755859375,807.0999755859375,805.7999877929688,805.7999877929688
2026-08-14,13:50,805.9000244140625,806.2000122070312,805.5999755859375,806.2000122070312
2026-08-14,13:55,806.0999755859375,806.0999755859375,805.5999755859375,806.0
2026-08-14,14:00,806.2000122070312,807.0999755859375,805.2999877929688,805.5
2026-08-14,14:05,805.5,805.7999877929688,804.5,805.2999877929688
2026-08-14,14:10,805.2000122070312,807.0999755859375,804.5999755859375,806.9000244140625
2026-08-14,14:15,807.0,808.2999877929688,806.7999877929688,807.4000244140625
2026-08-14,14:20,807.2999877929688,807.9000244140625,806.7000122070312,807.0
2026-08-14,14:25,807.0,808.2999877929688,806.7999877929688,808.2000122070312
2026-08-14,14:30,808.0999755859375,808.7999877929688,807.4000244140625,808.7999877929688
2026-08-14,14:35,808.5999755859375,809.7999877929688,808.5999755859375,809.5999755859375
2026-08-14,14:40,809.4000244140625,809.7999877929688,806.4000244140625,809.5999755859375
2026-08-14,14:45,809.5999755859375,811.0,809.5999755859375,810.7000122070312
2026-08-14,14:50,810.5999755859375,812.7000122070312,810.5999755859375,812.5
2026-08-14,14:55,812.5,813.5,812.5,813.2000122070312
2026-08-14,15:00,813.4000244140625,813.5999755859375,809.2999877929688,809.5
2026-08-14,15:05,809.4000244140625,810.0999755859375,809.0,810.0999755859375
2026-08-14,15:10,810.2000122070312,811.0,809.7000122070312,810.9000244140625
2026-08-14,15:15,810.5999755859375,810.5999755859375,809.4000244140625,810.2999877929688
2026-08-14,15:20,810.0,810.5999755859375,809.5999755859375,810.5
2026-08-17,09:00,815.2999877929688,817.7000122070312,812.2000122070312,812.9000244140625
2026-08-17,09:05,813.4000244140625,819.0,812.5999755859375,817.0999755859375
2026-08-17,09:10,817.2999877929688,819.4000244140625,816.2000122070312,818.9000244140625
2026-08-17,09:15,818.2999877929688,819.5,816.7000122070312,816.7000122070312
2026-08-17,09:20,816.7999877929688,818.5999755859375,815.5,818.5
2026-08-17,09:25,818.5,818.5,816.2999877929688,816.7999877929688
2026-08-17,09:30,816.9000244140625,817.7999877929688,814.5,815.5
2026-08-17,09:35,815.5,815.5,811.7999877929688,812.0
2026-08-17,09:40,812.0,812.5,809.9000244140625,810.0
2026-08-17,09:45,810.0,810.7999877929688,808.4000244140625,808.7999877929688
2026-08-17,09:50,808.7000122070312,810.2000122070312,807.5,809.2999877929688
2026-08-17,09:55,809.0999755859375,809.0999755859375,806.0,806.0999755859375
2026-08-17,10:00,806.0999755859375,809.5,805.5999755859375,809.4000244140625
2026-08-17,10:05,808.0,809.4000244140625,806.5999755859375,808.0
2026-08-17,10:10,807.5,807.7000122070312,806.2999877929688,806.5
2026-08-17,10:15,807.0,807.0,804.7999877929688,806.0
2026-08-17,10:20,805.7000122070312,808.0999755859375,805.4000244140625,806.7000122070312
2026-08-17,10:25,806.5999755859375,809.2999877929688,806.2999877929688,808.5999755859375
2026-08-17,10:30,809.0999755859375,810.0,806.7000122070312,806.7000122070312
2026-08-17,10:35,807.0,810.0,806.2000122070312,810.0
2026-08-17,10:40,809.9000244140625,810.9000244140625,809.2999877929688,810.5999755859375
2026-08-17,10:45,811.0,811.4000244140625,809.7000122070312,810.2999877929688
2026-08-17,10:50,810.2000122070312,811.2999877929688,809.7000122070312,810.2000122070312
2026-08-17,10:55,810.4000244140625,811.0999755859375,809.7000122070312,809.7000122070312
2026-08-17,11:00,810.0,812.2999877929688,809.9000244140625,811.2999877929688
2026-08-17,11:05,811.2000122070312,811.2000122070312,809.2999877929688,810.2999877929688
2026-08-17,11:10,810.2000122070312,811.2000122070312,809.9000244140625,810.5999755859375
2026-08-17,11:15,810.7999877929688,810.9000244140625,809.7999877929688,809.7999877929688
2026-08-17,11:20,810.0,811.4000244140625,809.7000122070312,810.7999877929688
2026-08-17,11:25,810.7999877929688,811.2999877929688,810.0,810.0
2026-08-17,11:30,810.0,810.0,809.9000244140625,809.9000244140625
2026-08-17,12:30,810.7999877929688,812.2000122070312,809.2000122070312,812.0999755859375
2026-08-17,12:35,812.2000122070312,812.9000244140625,811.9000244140625,812.7999877929688
2026-08-17,12:40,812.5999755859375,814.4000244140625,812.2999877929688,814.2000122070312
2026-08-17,12:45,814.2000122070312,814.7000122070312,812.5999755859375,813.0999755859375
2026-08-17,12:50,813.2000122070312,813.7999877929688,813.0,813.2999877929688
2026-08-17,12:55,813.2000122070312,813.7000122070312,813.0,813.2000122070312
2026-08-17,13:00,813.2000122070312,814.5999755859375,813.0999755859375,814.2999877929688
2026-08-17,13:05,814.4000244140625,815.4000244140625,814.4000244140625,815.2999877929688
2026-08-17,13:10,815.2999877929688,816.5,814.9000244140625,815.2000122070312
2026-08-17,13:15,815.2000122070312,815.7999877929688,814.2000122070312,815.7000122070312
2026-08-17,13:20,815.7999877929688,815.9000244140625,814.7999877929688,814.9000244140625
2026-08-17,13:25,814.9000244140625,815.5999755859375,814.5,814.5
2026-08-17,13:30,814.5999755859375,815.2999877929688,814.0,814.7999877929688
2026-08-17,13:35,814.7000122070312,815.2000122070312,814.0999755859375,814.7999877929688
2026-08-17,13:40,814.5999755859375,815.4000244140625,814.5,814.7999877929688
2026-08-17,13:45,814.7999877929688,815.0,814.4000244140625,814.4000244140625
2026-08-17,13:50,814.4000244140625,814.5,813.9000244140625,814.0999755859375
2026-08-17,13:55,813.9000244140625,815.2000122070312,813.9000244140625,814.7000122070312
2026-08-17,14:00,814.5999755859375,815.7999877929688,814.2000122070312,815.2000122070312
2026-08-17,14:05,815.2999877929688,815.7999877929688,814.7999877929688,815.5
2026-08-17,14:10,814.9000244140625,815.4000244140625,814.4000244140625,815.2000122070312
2026-08-17,14:15,815.0999755859375,816.0999755859375,815.0999755859375,816.0999755859375
2026-08-17,14:20,816.0,816.0999755859375,813.9000244140625,813.9000244140625
2026-08-17,14:25,813.9000244140625,815.2000122070312,813.7000122070312,814.9000244140625
2026-08-17,14:30,814.7999877929688,817.0999755859375,814.5999755859375,817.0
2026-08-17,14:35,817.0,817.5,815.7000122070312,817.5
2026-08-17,14:40,817.4000244140625,817.9000244140625,817.0999755859375,817.7000122070312
2026-08-17,14:45,817.7999877929688,819.9000244140625,817.7000122070312,819.7999877929688
2026-08-17,14:50,819.9000244140625,821.0,818.7000122070312,820.7000122070312
2026-08-17,14:55,821.0,821.2999877929688,820.2999877929688,821.2000122070312
2026-08-17,15:00,821.2000122070312,821.7999877929688,820.7999877929688,821.7000122070312
2026-08-17,15:05,821.7999877929688,822.0999755859375,820.2999877929688,820.4000244140625
2026-08-17,15:10,820.4000244140625,821.0,819.7000122070312,820.2000122070312
2026-08-17,15:15,820.2000122070312,820.2999877929688,819.2000122070312,819.4000244140625
2026-08-17,15:20,819.4000244140625,820.9000244140625,819.4000244140625,820.0999755859375
2026-08-18,09:05,808.0999755859375,810.9000244140625,807.0,810.2000122070312
2026-08-18,09:10,810.2999877929688,813.0999755859375,809.4000244140625,812.0
2026-08-18,09:15,812.2999877929688,813.5999755859375,809.0999755859375,813.5
2026-08-18,09:20,813.4000244140625,815.5999755859375,813.2000122070312,815.2000122070312
2026-08-18,09:25,815.4000244140625,817.5,815.2000122070312,817.4000244140625
2026-08-18,09:30,817.2000122070312,818.0,815.2000122070312,817.2000122070312
2026-08-18,09:35,816.7999877929688,818.9000244140625,816.7999877929688,818.7999877929688
2026-08-18,09:40,818.9000244140625,819.2000122070312,816.5999755859375,818.7999877929688
2026-08-18,09:45,818.7000122070312,818.7000122070312,815.4000244140625,816.0999755859375
2026-08-18,09:50,815.7999877929688,817.2000122070312,815.7999877929688,816.5
2026-08-18,09:55,816.5999755859375,816.7999877929688,814.2999877929688,815.0
2026-08-18,10:00,815.0,816.5999755859375,814.0,815.5
2026-08-18,10:05,815.4000244140625,817.7000122070312,814.7000122070312,816.2000122070312
2026-08-18,10:10,816.2000122070312,817.0999755859375,815.0,815.7999877929688
2026-08-18,10:15,815.7999877929688,816.0999755859375,814.7999877929688,815.0999755859375
2026-08-18,10:20,814.7999877929688,815.2999877929688,812.2000122070312,813.7000122070312
2026-08-18,10:25,813.9000244140625,814.7999877929688,812.0,812.0
2026-08-18,10:30,812.0999755859375,812.5,808.9000244140625,809.4000244140625
2026-08-18,10:35,809.5999755859375,812.0,809.0,809.5999755859375
2026-08-18,10:40,809.7999877929688,809.7999877929688,805.9000244140625,806.2000122070312
2026-08-18,10:45,806.2000122070312,807.0999755859375,802.2999877929688,802.7999877929688
2026-08-18,10:50,802.5999755859375,803.5,801.0999755859375,803.5
2026-08-18,10:55,803.5999755859375,805.7999877929688,802.5,805.7999877929688
2026-08-18,11:00,805.9000244140625,807.9000244140625,805.0,805.4000244140625
2026-08-18,11:05,805.7000122070312,806.4000244140625,804.5,805.5999755859375
2026-08-18,11:10,805.5,805.7999877929688,801.2000122070312,801.5999755859375
2026-08-18,11:15,801.5,801.7999877929688,798.7999877929688,800.7000122070312
2026-08-18,11:20,800.5,800.7000122070312,797.7000122070312,798.0
2026-08-18,11:25,798.0,798.0999755859375,795.7999877929688,796.5
2026-08-18,11:30,796.7999877929688,796.7999877929688,796.7999877929688,796.7999877929688
2026-08-18,12:30,791.0999755859375,791.0999755859375,785.5,786.0
2026-08-18,12:35,785.7000122070312,792.0999755859375,785.7000122070312,791.7999877929688
2026-08-18,12:40,791.5999755859375,793.0,790.4000244140625,791.5
2026-08-18,12:45,791.2999877929688,792.7000122070312,790.9000244140625,791.0999755859375
2026-08-18,12:50,791.0,793.4000244140625,790.7999877929688,792.0999755859375
2026-08-18,12:55,792.0,793.2999877929688,791.0,792.4000244140625
2026-08-18,13:00,792.5,793.0,791.4000244140625,791.7999877929688
2026-08-18,13:05,792.2000122070312,795.2999877929688,792.2000122070312,795.2999877929688
2026-08-18,13:10,795.0,795.2999877929688,792.5,792.5
2026-08-18,13:15,792.4000244140625,792.4000244140625,790.2999877929688,791.0
2026-08-18,13:20,790.7999877929688,790.7999877929688,788.0,788.0
2026-08-18,13:25,788.0,790.5999755859375,787.9000244140625,789.5
2026-08-18,13:30,789.5,791.5999755859375,788.5,789.4000244140625
2026-08-18,13:35,789.5,790.9000244140625,788.4000244140625,788.5
2026-08-18,13:40,788.4000244140625,789.2999877929688,788.0999755859375,788.5999755859375
2026-08-18,13:45,788.5999755859375,788.7999877929688,787.7000122070312,788.5
2026-08-18,13:50,788.5999755859375,790.0999755859375,787.7000122070312,789.7999877929688
2026-08-18,13:55,789.5999755859375,790.2000122070312,789.0,790.0999755859375
2026-08-18,14:00,789.0,789.9000244140625,786.9000244140625,787.0999755859375
2026-08-18,14:05,787.0,788.7000122070312,786.2000122070312,787.4000244140625
2026-08-18,14:10,787.4000244140625,787.5,786.0,787.0999755859375
2026-08-18,14:15,786.7999877929688,787.5999755859375,786.7000122070312,787.5999755859375
2026-08-18,14:20,787.7000122070312,788.0999755859375,786.5999755859375,787.4000244140625
2026-08-18,14:25,787.4000244140625,788.4000244140625,786.2000122070312,786.2000122070312
2026-08-18,14:30,786.2999877929688,786.7000122070312,785.5,785.7000122070312
2026-08-18,14:35,785.7999877929688,786.9000244140625,785.5,785.5999755859375
2026-08-18,14:40,785.5999755859375,786.0999755859375,784.5999755859375,785.5999755859375
2026-08-18,14:45,785.4000244140625,785.5999755859375,784.2999877929688,784.7999877929688
2026-08-18,14:50,784.5999755859375,784.7999877929688,783.5,783.7000122070312
2026-08-18,14:55,783.7999877929688,784.9000244140625,782.0999755859375,782.2000122070312
2026-08-18,15:00,781.9000244140625,782.0,778.2999877929688,778.9000244140625
2026-08-18,15:05,779.2999877929688,779.5999755859375,778.2999877929688,779.2000122070312
2026-08-18,15:10,779.0999755859375,783.5,779.0999755859375,783.0999755859375
2026-08-18,15:15,783.0,783.0999755859375,781.5,781.7000122070312
2026-08-18,15:20,781.7000122070312,782.5999755859375,780.7999877929688,781.9000244140625
2026-08-19,09:05,742.0,745.5,738.0999755859375,739.9000244140625
2026-08-19,09:10,739.5,739.5,735.7000122070312,737.0999755859375
2026-08-19,09:15,737.0,737.2000122070312,730.7999877929688,733.7999877929688
2026-08-19,09:20,734.0,738.2000122070312,732.7999877929688,735.4000244140625
2026-08-19,09:25,735.4000244140625,740.2000122070312,733.7999877929688,739.5
2026-08-19,09:30,739.5999755859375,743.5,737.0999755859375,742.5999755859375
2026-08-19,09:35,742.5,745.0999755859375,741.5,744.7999877929688
2026-08-19,09:40,745.0,746.0,742.0999755859375,745.5999755859375
2026-08-19,09:45,745.4000244140625,746.7999877929688,741.7999877929688,742.7000122070312
2026-08-19,09:50,742.7000122070312,744.2000122070312,741.0,742.7999877929688
2026-08-19,09:55,742.7999877929688,745.2999877929688,742.2999877929688,742.4000244140625
2026-08-19,10:00,742.2999877929688,747.0999755859375,741.9000244140625,746.7999877929688
2026-08-19,10:05,746.7000122070312,750.7999877929688,745.2000122070312,750.7000122070312
2026-08-19,10:10,750.7999877929688,751.9000244140625,747.0999755859375,748.0
2026-08-19,10:15,747.7999877929688,748.7999877929688,744.0,746.5999755859375
2026-08-19,10:20,746.2999877929688,748.2000122070312,745.2999877929688,745.7999877929688
2026-08-19,10:25,745.5,750.7000122070312,745.2999877929688,750.0
2026-08-19,10:30,749.9000244140625,751.5,744.9000244140625,744.9000244140625
2026-08-19,10:35,744.7999877929688,749.4000244140625,744.7000122070312,749.2000122070312
2026-08-19,10:40,749.0,749.0,745.0999755859375,746.5999755859375
2026-08-19,10:45,746.0,746.0,742.4000244140625,743.5999755859375
2026-08-19,10:50,743.4000244140625,743.5,741.7999877929688,743.0999755859375
2026-08-19,10:55,743.5,745.9000244140625,743.5,744.0999755859375
2026-08-19,11:00,743.9000244140625,744.5,742.5999755859375,742.7999877929688
2026-08-19,11:05,742.7999877929688,742.9000244140625,739.2999877929688,739.5999755859375
2026-08-19,11:10,739.5999755859375,739.9000244140625,738.0999755859375,738.5999755859375
2026-08-19,11:15,738.5999755859375,739.0999755859375,736.7999877929688,736.7999877929688
2026-08-19,11:20,737.0,741.0,736.7999877929688,740.0999755859375
2026-08-19,11:25,740.0,741.5,739.9000244140625,740.0
2026-08-19,11:30,739.9000244140625,740.2000122070312,739.9000244140625,740.2000122070312
2026-08-19,12:30,741.5,743.9000244140625,740.0,741.2999877929688
2026-08-19,12:35,740.9000244140625,743.2999877929688,739.7000122070312,740.0
2026-08-19,12:40,740.0,740.0999755859375,738.7999877929688,739.7000122070312
2026-08-19,12:45,739.5999755859375,740.0,738.2999877929688,739.7000122070312
2026-08-19,12:50,739.7999877929688,740.7000122070312,739.0999755859375,739.2000122070312
2026-08-19,12:55,739.0999755859375,739.5,738.7000122070312,738.9000244140625
2026-08-19,13:00,738.9000244140625,739.2999877929688,737.5,738.2000122070312
2026-08-19,13:05,738.0,738.0,735.7999877929688,736.4000244140625
2026-08-19,13:10,736.4000244140625,737.9000244140625,735.7000122070312,735.9000244140625
2026-08-19,13:15,735.9000244140625,735.9000244140625,734.4000244140625,734.5
2026-08-19,13:20,734.4000244140625,736.0,733.9000244140625,734.0
2026-08-19,13:25,734.2000122070312,736.7999877929688,734.2000122070312,736.0999755859375
2026-08-19,13:30,736.2000122070312,736.7999877929688,732.2999877929688,732.4000244140625
2026-08-19,13:35,732.5999755859375,732.7000122070312,729.2999877929688,729.5
2026-08-19,13:40,729.2999877929688,729.7000122070312,727.4000244140625,728.5
2026-08-19,13:45,728.4000244140625,730.2999877929688,727.4000244140625,727.4000244140625
2026-08-19,13:50,727.4000244140625,728.4000244140625,726.5,727.9000244140625
2026-08-19,13:55,727.7999877929688,731.2000122070312,727.2000122070312,731.0
2026-08-19,14:00,731.0999755859375,736.7999877929688,731.0,736.0999755859375
2026-08-19,14:05,736.0,736.2999877929688,733.0,733.5999755859375
2026-08-19,14:10,734.0,735.2999877929688,730.0999755859375,731.0
2026-08-19,14:15,730.7999877929688,732.0,729.0,729.5
2026-08-19,14:20,729.5999755859375,732.4000244140625,729.5999755859375,731.5999755859375
2026-08-19,14:25,731.5999755859375,733.5999755859375,731.0,733.5999755859375
2026-08-19,14:30,733.7999877929688,733.7999877929688,730.7999877929688,730.9000244140625
2026-08-19,14:35,731.0,731.2999877929688,728.5999755859375,729.2000122070312
2026-08-19,14:40,729.0999755859375,730.0999755859375,728.0,730.0999755859375
2026-08-19,14:45,730.0999755859375,730.5,728.7999877929688,730.2000122070312
2026-08-19,14:50,730.2000122070312,731.0,729.4000244140625,729.7999877929688
2026-08-19,14:55,729.9000244140625,731.7000122070312,729.2000122070312,731.7000122070312
2026-08-19,15:00,731.4000244140625,732.0,729.7999877929688,731.2999877929688
2026-08-19,15:05,731.5,731.9000244140625,730.4000244140625,731.0
2026-08-19,15:10,731.0,731.7000122070312,729.4000244140625,730.0999755859375
2026-08-19,15:15,729.9000244140625,733.2999877929688,729.5,733.0999755859375
2026-08-19,15:20,733.0,734.2000122070312,732.7999877929688,733.9000244140625
2026-08-20,09:05,740.5,743.7000122070312,738.0,739.7000122070312
2026-08-20,09:10,740.0999755859375,743.5,738.0,743.5
2026-08-20,09:15,743.7000122070312,749.2999877929688,743.7000122070312,749.0
2026-08-20,09:20,749.0,750.7000122070312,745.2000122070312,746.7999877929688
2026-08-20,09:25,746.7000122070312,747.2999877929688,743.7999877929688,745.9000244140625
2026-08-20,09:30,746.0,747.2000122070312,741.2999877929688,747.2000122070312
2026-08-20,09:35,747.0999755859375,749.9000244140625,745.0,749.5
2026-08-20,09:40,749.2000122070312,750.5999755859375,746.7000122070312,746.7000122070312
2026-08-20,09:45,746.9000244140625,749.2000122070312,746.2000122070312,746.5
2026-08-20,09:50,746.5999755859375,751.2000122070312,746.4000244140625,750.9000244140625
2026-08-20,09:55,751.0,751.5999755859375,749.9000244140625,751.2999877929688
2026-08-20,10:00,751.4000244140625,752.7999877929688,750.7000122070312,752.0999755859375
2026-08-20,10:05,752.2000122070312,753.2999877929688,750.5999755859375,751.9000244140625
2026-08-20,10:10,751.5,752.0,749.2000122070312,749.2000122070312
2026-08-20,10:15,749.0999755859375,750.7000122070312,747.0,750.2000122070312
2026-08-20,10:20,750.0,750.2000122070312,745.0999755859375,746.2999877929688
2026-08-20,10:25,746.2999877929688,746.9000244140625,743.9000244140625,745.2000122070312
2026-08-20,10:30,744.7000122070312,746.2999877929688,742.7999877929688,744.7000122070312
2026-08-20,10:35,744.7000122070312,747.0,744.2999877929688,747.0
2026-08-20,10:40,747.2999877929688,749.9000244140625,747.0,749.0
2026-08-20,10:45,748.7999877929688,749.5999755859375,746.7999877929688,748.5999755859375
2026-08-20,10:50,748.7999877929688,749.7999877929688,746.5999755859375,748.5999755859375
2026-08-20,10:55,748.0999755859375,748.2000122070312,744.5999755859375,746.7000122070312
2026-08-20,11:00,746.2000122070312,747.5,745.5999755859375,746.2000122070312
2026-08-20,11:05,745.9000244140625,747.0,744.4000244140625,744.5999755859375
2026-08-20,11:10,744.5999755859375,746.0,744.5,746.0
2026-08-20,11:15,745.7999877929688,746.0,744.0999755859375,745.7999877929688
2026-08-20,11:20,744.5999755859375,744.5999755859375,742.5,744.0
2026-08-20,11:25,743.5,745.9000244140625,743.2000122070312,745.5
2026-08-20,11:30,745.5999755859375,745.5999755859375,745.5999755859375,745.5999755859375
2026-08-20,12:30,744.5,744.9000244140625,741.5,741.5
2026-08-20,12:35,741.4000244140625,742.2000122070312,740.5,741.4000244140625
2026-08-20,12:40,741.5,742.5999755859375,739.9000244140625,742.0999755859375
2026-08-20,12:45,741.7999877929688,743.5,741.0999755859375,743.5
2026-08-20,12:50,742.9000244140625,744.5999755859375,742.7000122070312,743.0
2026-08-20,12:55,743.0,744.0999755859375,742.7999877929688,743.0999755859375
2026-08-20,13:00,742.7999877929688,745.7999877929688,742.5999755859375,745.7000122070312
2026-08-20,13:05,746.0,747.5999755859375,745.5,747.5999755859375
2026-08-20,13:10,747.7000122070312,748.4000244140625,747.2999877929688,748.0
2026-08-20,13:15,747.9000244140625,748.9000244140625,746.5,748.5
2026-08-20,13:20,748.5999755859375,748.7000122070312,746.2000122070312,746.5999755859375
2026-08-20,13:25,746.7999877929688,748.9000244140625,746.5999755859375,748.7000122070312
2026-08-20,13:30,748.5999755859375,748.5999755859375,746.7999877929688,747.7999877929688
2026-08-20,13:35,747.7999877929688,748.0999755859375,747.2000122070312,747.5999755859375
2026-08-20,13:40,747.5999755859375,749.2000122070312,747.5999755859375,749.2000122070312
2026-08-20,13:45,749.2999877929688,750.0,749.2000122070312,749.7000122070312
2026-08-20,13:50,750.0,750.9000244140625,749.7999877929688,749.7999877929688
2026-08-20,13:55,749.5999755859375,750.2000122070312,748.5,749.5
2026-08-20,14:00,749.2999877929688,750.5,749.0999755859375,749.5
2026-08-20,14:05,749.7000122070312,749.7000122070312,748.5,748.7000122070312
2026-08-20,14:10,748.5,748.9000244140625,747.5,747.7000122070312
2026-08-20,14:15,747.7000122070312,750.0999755859375,747.2000122070312,749.7000122070312
2026-08-20,14:20,749.7999877929688,750.4000244140625,749.0,750.4000244140625
2026-08-20,14:25,750.0,751.0,749.5,749.5
2026-08-20,14:30,749.5999755859375,751.0,749.2000122070312,750.9000244140625
2026-08-20,14:35,750.7000122070312,750.7000122070312,749.5,749.7999877929688
2026-08-20,14:40,749.9000244140625,752.0,749.5999755859375,751.2999877929688
2026-08-20,14:45,751.0999755859375,751.2000122070312,749.0999755859375,749.5999755859375
2026-08-20,14:50,749.4000244140625,749.4000244140625,747.5,747.5
2026-08-20,14:55,747.5,748.0,747.0999755859375,748.0
2026-08-20,15:00,748.0999755859375,749.5,747.5999755859375,748.2999877929688
2026-08-20,15:05,748.5999755859375,751.0,748.5999755859375,751.0
2026-08-20,15:10,751.0,751.5,750.0999755859375,751.5
2026-08-20,15:15,751.2000122070312,751.2000122070312,749.0999755859375,750.0
2026-08-20,15:20,750.2999877929688,750.2999877929688,748.9000244140625,749.5
2026-08-21,09:05,736.2000122070312,741.0999755859375,736.0,739.0
2026-08-21,09:10,739.2000122070312,744.0,739.0,743.9000244140625
2026-08-21,09:15,744.0,744.0,738.7999877929688,739.4000244140625
2026-08-21,09:20,739.5999755859375,743.7999877929688,739.2999877929688,740.0
2026-08-21,09:25,739.9000244140625,741.0,736.9000244140625,737.0999755859375
2026-08-21,09:30,737.4000244140625,738.5,735.0,737.0999755859375
2026-08-21,09:35,736.7999877929688,739.2999877929688,735.0,738.9000244140625
2026-08-21,09:40,739.0,739.5999755859375,736.0999755859375,738.9000244140625
2026-08-21,09:45,738.4000244140625,740.7999877929688,738.0,739.7000122070312
2026-08-21,09:50,739.7999877929688,741.0999755859375,735.2000122070312,735.5
2026-08-21,09:55,735.4000244140625,736.0999755859375,732.7999877929688,732.7999877929688
2026-08-21,10:00,732.9000244140625,733.9000244140625,730.7000122070312,731.0
2026-08-21,10:05,731.0999755859375,731.7000122070312,728.5999755859375,731.5999755859375
2026-08-21,10:10,731.4000244140625,735.4000244140625,730.5,734.0
2026-08-21,10:15,734.0999755859375,737.0999755859375,732.0999755859375,737.0999755859375
2026-08-21,10:20,737.2999877929688,737.5,733.2999877929688,737.0999755859375
2026-08-21,10:25,737.2999877929688,739.0,736.7000122070312,737.4000244140625
2026-08-21,10:30,737.0,739.4000244140625,736.2999877929688,737.7999877929688
2026-08-21,10:35,737.7999877929688,738.9000244140625,736.2999877929688,738.9000244140625
2026-08-21,10:40,738.9000244140625,741.5999755859375,738.7999877929688,741.4000244140625
2026-08-21,10:45,741.4000244140625,743.4000244140625,740.7999877929688,743.4000244140625
2026-08-21,10:50,743.5999755859375,743.5999755859375,739.7999877929688,740.7999877929688
2026-08-21,10:55,739.9000244140625,740.7999877929688,738.7000122070312,739.4000244140625
2026-08-21,11:00,739.7999877929688,741.5,739.2999877929688,739.9000244140625
2026-08-21,11:05,739.7999877929688,743.0,739.0999755859375,742.5999755859375
2026-08-21,11:10,743.0,743.9000244140625,741.5,743.9000244140625
2026-08-21,11:15,744.0,744.7000122070312,743.7000122070312,743.9000244140625
2026-08-21,11:20,743.7000122070312,745.5999755859375,743.7000122070312,744.5
2026-08-21,11:25,744.7000122070312,745.9000244140625,744.7000122070312,745.5999755859375
2026-08-21,11:30,745.9000244140625,745.9000244140625,745.9000244140625,745.9000244140625
2026-08-21,12:30,746.0,748.4000244140625,745.7000122070312,747.5
2026-08-21,12:35,747.4000244140625,747.4000244140625,745.7000122070312,746.2999877929688
2026-08-21,12:40,746.0999755859375,746.0999755859375,744.0,744.4000244140625
2026-08-21,12:45,744.2000122070312,745.2999877929688,743.5999755859375,744.2999877929688
2026-08-21,12:50,744.0999755859375,744.7000122070312,742.0999755859375,742.0999755859375
2026-08-21,12:55,742.0999755859375,745.0,741.0,743.9000244140625
2026-08-21,13:00,744.0999755859375,745.2999877929688,743.0999755859375,745.0
2026-08-21,13:05,745.2000122070312,745.7000122070312,743.7999877929688,745.2000122070312
2026-08-21,13:10,745.4000244140625,745.7000122070312,744.4000244140625,745.5
2026-08-21,13:15,745.4000244140625,745.7999877929688,743.5,743.7000122070312
2026-08-21,13:20,743.9000244140625,744.2000122070312,742.5999755859375,744.0
2026-08-21,13:25,743.5999755859375,744.2999877929688,743.0,743.2000122070312
2026-08-21,13:30,743.2999877929688,744.0999755859375,742.9000244140625,743.7000122070312
2026-08-21,13:35,743.5999755859375,743.7999877929688,742.5999755859375,743.0999755859375
2026-08-21,13:40,743.4000244140625,745.0999755859375,743.4000244140625,744.5999755859375
2026-08-21,13:45,744.5,747.0,744.2000122070312,746.9000244140625
2026-08-21,13:50,747.0,747.5,746.4000244140625,747.0
2026-08-21,13:55,747.0,747.0999755859375,745.2000122070312,745.2000122070312
2026-08-21,14:00,745.4000244140625,746.4000244140625,744.5,745.2000122070312
2026-08-21,14:05,745.2999877929688,745.2999877929688,742.7999877929688,742.7999877929688
2026-08-21,14:10,742.7999877929688,745.0,742.7000122070312,744.7000122070312
2026-08-21,14:15,745.0,745.2999877929688,743.7000122070312,745.2999877929688
2026-08-21,14:20,745.4000244140625,745.4000244140625,743.7000122070312,743.7999877929688
2026-08-21,14:25,743.9000244140625,743.9000244140625,742.2000122070312,742.7999877929688
2026-08-21,14:30,742.7000122070312,742.7999877929688,741.5,741.9000244140625
2026-08-21,14:35,742.5,743.0,741.9000244140625,742.2000122070312
2026-08-21,14:40,742.5,742.5,740.4000244140625,741.2000122070312
2026-08-21,14:45,741.0999755859375,741.5999755859375,739.7999877929688,740.0
2026-08-21,14:50,739.9000244140625,741.7999877929688,739.9000244140625,741.7999877929688
2026-08-21,14:55,741.7999877929688,742.5999755859375,741.7999877929688,742.5
2026-08-21,15:00,742.4000244140625,743.2000122070312,741.7999877929688,742.2999877929688
2026-08-21,15:05,742.2000122070312,744.4000244140625,742.0999755859375,743.0999755859375
2026-08-21,15:10,743.2999877929688,744.0999755859375,742.9000244140625,743.0999755859375
2026-08-21,15:15,743.5,745.5,743.2000122070312,745.5
2026-08-21,15:20,745.4000244140625,746.0,744.7999877929688,746.0
